"user_role","department","years_of_service","access_time","access_attempts","last_login_time","login_frequency","access_granted"
"admin","Finance","5.8","2025-03-06 05:33:25","8","2025-03-05 02:33:25","3.4","1"
"manager","IT","6.3","2025-03-07 10:42:41","10","2025-03-06 12:42:41","3.6","0"
"admin","Finance","0.8","2025-03-07 17:24:48","6","2025-03-07 12:24:48","4.6","1"
"manager","IT","9.5","2025-03-15 18:25:37","7","2025-03-14 20:25:37","2.9","0"
"manager","Finance","4.0","2025-03-02 00:40:58","2","2025-03-01 03:40:58","0.7","0"
"manager","Finance","7.0","2025-03-14 12:25:33","10","2025-03-12 20:25:33","1.0","0"
"employee","IT","8.1","2025-03-11 21:15:44","3","2025-03-11 12:15:44","1.3","1"
"manager","IT","2.3","2025-03-08 18:10:48","9","2025-03-08 04:10:48","4.4","0"
"manager","HR","8.0","2025-03-24 23:44:16","4","2025-03-23 07:44:16","1.2","0"
"admin","HR","6.7","2025-03-25 07:56:48","2","2025-03-24 01:56:48","0.4","1"
"manager","HR","8.8","2025-03-14 03:08:05","7","2025-03-14 00:08:05","3.9","0"
"manager","Operations","4.8","2025-03-24 21:56:32","4","2025-03-24 07:56:32","1.8","0"
"manager","HR","8.2","2025-03-16 05:33:25","10","2025-03-14 12:33:25","1.2","0"
"employee","Operations","8.8","2025-03-23 03:32:23","6","2025-03-22 20:32:23","0.9","0"
"admin","Finance","7.6","2025-03-23 22:32:16","10","2025-03-23 22:32:16","4.8","1"
"manager","HR","1.0","2025-03-14 08:33:41","9","2025-03-14 02:33:41","5.0","0"
"manager","Finance","9.9","2025-03-13 20:51:59","7","2025-03-12 05:51:59","4.1","0"
"manager","IT","7.0","2025-03-13 15:58:33","3","2025-03-13 04:58:33","3.8","1"
"admin","HR","1.8","2025-03-26 08:15:12","3","2025-03-25 08:15:12","4.9","1"
"employee","HR","9.3","2025-03-20 22:20:47","3","2025-03-20 07:20:47","1.3","0"
"employee","IT","2.3","2025-03-09 22:53:09","1","2025-03-08 14:53:09","4.7","0"
"admin","Operations","6.3","2025-03-09 03:56:47","5","2025-03-09 03:56:47","0.3","1"
"manager","Operations","6.6","2025-03-28 10:10:07","9","2025-03-27 09:10:07","1.3","0"
"manager","IT","7.9","2025-03-16 07:16:13","9","2025-03-14 14:16:13","2.3","0"
"admin","HR","7.4","2025-03-01 22:41:33","2","2025-03-01 18:41:33","0.5","1"
"employee","IT","0.4","2025-03-14 09:47:16","6","2025-03-13 21:47:16","2.0","1"
"employee","Operations","3.6","2025-03-23 19:26:23","5","2025-03-22 14:26:23","0.7","0"
"manager","Finance","8.9","2025-03-10 17:47:04","9","2025-03-09 17:47:04","1.4","0"
"admin","Operations","6.9","2025-03-26 19:35:15","7","2025-03-25 00:35:15","3.8","1"
"employee","IT","5.0","2025-03-05 19:39:40","7","2025-03-05 16:39:40","1.9","0"
"manager","Finance","0.1","2025-03-06 08:43:27","10","2025-03-04 14:43:27","3.8","0"
"manager","IT","1.3","2025-03-30 02:42:52","2","2025-03-28 06:42:52","1.0","0"
"manager","Finance","2.2","2025-03-10 17:21:58","5","2025-03-10 01:21:58","4.6","0"
"manager","IT","5.7","2025-03-29 12:20:59","8","2025-03-28 05:20:59","0.5","0"
"manager","Finance","5.8","2025-03-10 04:40:33","1","2025-03-08 19:40:33","3.7","0"
"admin","Operations","4.6","2025-03-06 13:55:03","2","2025-03-05 00:55:03","3.3","1"
"manager","Operations","2.5","2025-03-24 05:59:33","5","2025-03-23 20:59:33","1.8","0"
"admin","IT","9.5","2025-03-30 16:39:32","10","2025-03-29 12:39:32","3.9","1"
"manager","Operations","9.0","2025-03-24 21:34:35","8","2025-03-23 21:34:35","1.6","0"
"manager","HR","3.7","2025-03-17 11:42:12","3","2025-03-16 09:42:12","3.5","0"
"manager","HR","8.7","2025-03-01 04:13:30","5","2025-02-27 16:13:30","3.1","0"
"admin","IT","4.0","2025-03-25 18:15:15","8","2025-03-24 06:15:15","4.5","1"
"employee","Finance","6.0","2025-03-19 00:21:31","7","2025-03-18 11:21:31","0.2","0"
"manager","IT","6.5","2025-03-29 20:51:56","5","2025-03-28 13:51:56","3.2","0"
"admin","Finance","2.6","2025-03-03 09:32:31","6","2025-03-01 18:32:31","2.5","1"
"manager","IT","5.9","2025-03-02 06:02:41","10","2025-03-01 08:02:41","1.8","0"
"manager","HR","6.0","2025-03-18 12:03:55","5","2025-03-17 07:03:55","3.9","0"
"manager","IT","6.2","2025-03-22 07:51:46","2","2025-03-20 11:51:46","1.6","1"
"employee","Finance","9.0","2025-03-05 13:34:05","1","2025-03-04 08:34:05","3.3","1"
"manager","Operations","8.2","2025-03-10 07:56:11","8","2025-03-09 09:56:11","0.5","0"
"admin","IT","5.8","2025-03-21 13:04:39","1","2025-03-20 03:04:39","2.7","1"
"admin","IT","2.4","2025-03-02 21:02:31","3","2025-03-01 14:02:31","1.1","1"
"employee","IT","6.9","2025-03-21 08:58:13","6","2025-03-20 00:58:13","4.3","0"
"employee","IT","8.6","2025-03-16 19:11:48","6","2025-03-16 15:11:48","4.8","0"
"employee","Finance","8.0","2025-03-24 20:44:27","10","2025-03-23 04:44:27","0.1","0"
"manager","Finance","0.4","2025-03-23 02:28:01","1","2025-03-21 21:28:01","4.2","0"
"employee","Finance","4.4","2025-03-03 09:41:00","6","2025-03-02 09:41:00","2.4","0"
"employee","HR","6.9","2025-03-26 15:28:13","6","2025-03-25 15:28:13","0.6","1"
"employee","Operations","5.3","2025-03-01 01:51:14","4","2025-02-28 03:51:14","0.7","0"
"employee","HR","6.5","2025-03-02 00:35:42","10","2025-03-02 00:35:42","2.4","0"
"admin","IT","4.8","2025-03-29 17:33:22","5","2025-03-28 02:33:22","3.4","1"
"manager","IT","4.3","2025-03-07 15:56:16","2","2025-03-06 13:56:16","4.3","1"
"admin","IT","9.4","2025-03-20 15:53:14","7","2025-03-18 17:53:14","4.2","1"
"employee","Finance","5.4","2025-03-30 22:52:37","5","2025-03-29 10:52:37","1.3","0"
"manager","Finance","4.9","2025-03-21 10:28:36","8","2025-03-19 22:28:36","4.9","0"
"employee","HR","2.9","2025-03-24 21:53:43","1","2025-03-24 05:53:43","3.0","0"
"admin","HR","2.3","2025-03-04 22:59:12","7","2025-03-03 04:59:12","3.0","1"
"manager","HR","4.1","2025-03-20 04:40:37","6","2025-03-18 11:40:37","2.5","0"
"admin","Operations","7.5","2025-03-26 04:34:04","7","2025-03-25 10:34:04","3.7","1"
"employee","HR","3.3","2025-03-04 17:06:27","9","2025-03-04 13:06:27","0.6","0"
"employee","IT","7.5","2025-03-19 14:53:48","10","2025-03-19 02:53:48","0.6","0"
"employee","IT","3.7","2025-03-15 20:56:19","6","2025-03-15 07:56:19","2.7","0"
"employee","Operations","3.5","2025-03-23 11:26:48","4","2025-03-23 05:26:48","4.2","0"
"manager","IT","6.7","2025-03-29 12:37:00","3","2025-03-28 23:37:00","4.6","1"
"admin","IT","7.3","2025-03-15 16:51:44","2","2025-03-15 14:51:44","1.0","1"
"manager","Finance","6.7","2025-03-22 00:03:55","4","2025-03-21 20:03:55","4.5","0"
"manager","Operations","6.0","2025-03-24 10:01:04","4","2025-03-23 11:01:04","2.7","0"
"manager","IT","7.8","2025-03-19 20:26:48","6","2025-03-19 05:26:48","0.2","0"
"admin","HR","4.1","2025-03-07 07:33:31","5","2025-03-06 11:33:31","3.0","1"
"employee","Operations","1.4","2025-03-22 10:41:49","5","2025-03-21 03:41:49","0.3","0"
"manager","HR","8.0","2025-03-27 23:23:13","3","2025-03-26 14:23:13","1.2","0"
"employee","Operations","4.6","2025-03-21 22:07:29","4","2025-03-20 14:07:29","2.2","0"
"admin","Operations","2.9","2025-03-14 00:18:05","9","2025-03-12 19:18:05","3.9","1"
"manager","IT","7.7","2025-03-08 11:45:52","7","2025-03-07 01:45:52","4.2","0"
"admin","Operations","6.5","2025-03-20 10:38:48","10","2025-03-19 12:38:48","4.2","1"
"admin","Operations","3.9","2025-03-04 01:47:36","10","2025-03-02 17:47:36","3.9","1"
"manager","IT","1.4","2025-03-21 20:29:42","4","2025-03-19 22:29:42","2.6","0"
"employee","HR","6.5","2025-03-27 18:38:53","9","2025-03-27 05:38:53","0.2","0"
"employee","Finance","7.6","2025-03-20 11:42:50","6","2025-03-18 22:42:50","2.1","0"
"admin","Finance","1.9","2025-03-02 05:16:06","3","2025-02-28 23:16:06","4.4","1"
"employee","Operations","1.0","2025-03-27 00:45:53","3","2025-03-26 18:45:53","3.6","0"
"admin","IT","6.0","2025-03-14 03:44:33","7","2025-03-13 04:44:33","0.4","1"
"manager","Finance","9.2","2025-03-07 18:32:42","8","2025-03-07 07:32:42","4.1","0"
"admin","Finance","4.5","2025-03-21 16:15:58","2","2025-03-20 13:15:58","4.6","1"
"employee","IT","2.7","2025-03-13 05:41:37","4","2025-03-11 05:41:37","0.5","0"
"employee","IT","6.2","2025-03-08 18:52:13","3","2025-03-07 20:52:13","3.5","1"
"admin","IT","8.2","2025-03-09 03:57:54","8","2025-03-07 18:57:54","4.6","1"
"employee","Operations","0.2","2025-03-12 00:46:00","10","2025-03-10 13:46:00","0.7","0"
"manager","HR","1.4","2025-03-26 14:54:27","9","2025-03-26 02:54:27","4.9","0"
"employee","Finance","2.2","2025-03-24 21:27:14","2","2025-03-22 21:27:14","1.6","0"
"manager","IT","7.1","2025-03-30 18:28:47","4","2025-03-29 19:28:47","1.5","1"
"admin","HR","3.1","2025-03-25 22:42:54","3","2025-03-25 05:42:54","2.5","1"
"employee","Finance","0.3","2025-03-02 00:08:45","8","2025-03-01 10:08:45","4.3","0"
"employee","IT","1.5","2025-03-05 22:23:43","4","2025-03-04 07:23:43","3.0","0"
"manager","HR","1.1","2025-03-03 00:31:53","4","2025-03-02 14:31:53","1.9","0"
"manager","Operations","9.9","2025-03-30 22:41:21","9","2025-03-30 22:41:21","0.4","0"
"manager","IT","6.2","2025-03-20 21:15:59","9","2025-03-20 04:15:59","3.9","0"
"admin","HR","7.0","2025-03-08 10:48:18","6","2025-03-07 05:48:18","1.3","1"
"manager","HR","2.9","2025-03-23 07:33:49","2","2025-03-23 04:33:49","3.2","0"
"employee","Operations","9.0","2025-03-24 11:48:35","4","2025-03-24 00:48:35","1.5","0"
"employee","Operations","1.5","2025-03-29 21:18:22","7","2025-03-27 23:18:22","3.2","0"
"employee","Finance","4.1","2025-03-17 17:40:47","1","2025-03-16 04:40:47","0.3","0"
"admin","Operations","9.3","2025-03-29 00:58:51","7","2025-03-27 12:58:51","0.8","1"
"manager","Operations","3.4","2025-03-08 15:20:40","6","2025-03-08 08:20:40","1.4","0"
"employee","HR","0.8","2025-03-17 21:52:41","6","2025-03-17 10:52:41","4.6","0"
"manager","Finance","8.6","2025-03-04 10:40:05","6","2025-03-03 09:40:05","4.3","0"
"employee","Operations","1.8","2025-03-15 04:26:59","3","2025-03-14 10:26:59","0.3","0"
"employee","Operations","4.9","2025-03-27 15:53:15","1","2025-03-27 02:53:15","4.4","1"
"manager","Finance","7.4","2025-03-15 03:47:16","1","2025-03-14 08:47:16","4.5","0"
"employee","Finance","0.4","2025-03-15 04:24:20","3","2025-03-14 19:24:20","3.8","0"
"admin","Finance","8.1","2025-03-29 22:26:36","9","2025-03-28 08:26:36","4.0","1"
"manager","Finance","9.9","2025-03-09 16:46:13","8","2025-03-09 04:46:13","2.9","0"
"employee","HR","9.0","2025-03-18 21:09:45","4","2025-03-17 12:09:45","4.7","0"
"manager","HR","0.4","2025-03-26 00:50:12","4","2025-03-24 15:50:12","1.3","0"
"employee","Operations","2.5","2025-03-27 11:08:28","8","2025-03-26 21:08:28","1.8","0"
"employee","IT","3.4","2025-03-08 15:21:51","3","2025-03-08 05:21:51","3.3","0"
"admin","Operations","5.5","2025-03-11 06:03:29","5","2025-03-09 19:03:29","1.4","1"
"employee","Operations","9.6","2025-03-09 01:51:29","9","2025-03-07 14:51:29","3.6","0"
"admin","IT","0.3","2025-03-07 18:17:21","1","2025-03-05 18:17:21","2.1","1"
"manager","Finance","9.1","2025-03-12 16:13:18","2","2025-03-10 22:13:18","0.1","1"
"employee","Finance","2.4","2025-03-01 03:48:00","1","2025-02-28 11:48:00","3.3","0"
"employee","HR","4.0","2025-03-24 10:50:34","1","2025-03-23 12:50:34","1.9","1"
"employee","Operations","6.0","2025-03-18 19:14:24","7","2025-03-17 16:14:24","2.4","0"
"employee","HR","5.5","2025-03-28 02:42:28","8","2025-03-26 04:42:28","4.8","0"
"admin","Finance","3.4","2025-03-22 08:15:52","4","2025-03-21 16:15:52","3.7","1"
"manager","Finance","2.3","2025-03-27 01:55:21","3","2025-03-26 02:55:21","3.4","0"
"admin","Operations","8.4","2025-03-24 06:21:50","3","2025-03-22 15:21:50","2.0","1"
"manager","HR","8.2","2025-03-16 21:34:53","6","2025-03-15 05:34:53","0.3","0"
"admin","HR","4.0","2025-03-04 17:17:49","10","2025-03-02 19:17:49","3.8","1"
"admin","HR","3.8","2025-03-25 23:21:15","8","2025-03-24 02:21:15","4.1","1"
"admin","Finance","2.0","2025-03-15 17:16:40","8","2025-03-15 11:16:40","4.3","1"
"admin","IT","4.4","2025-03-12 05:21:36","8","2025-03-11 17:21:36","1.1","1"
"admin","Finance","2.5","2025-03-07 07:28:39","2","2025-03-06 17:28:39","1.0","1"
"manager","HR","5.6","2025-03-25 04:08:12","8","2025-03-24 10:08:12","0.7","0"
"employee","IT","0.6","2025-03-15 14:13:05","2","2025-03-14 10:13:05","2.8","1"
"employee","Operations","3.2","2025-03-08 12:54:30","1","2025-03-07 10:54:30","0.9","1"
"employee","Finance","7.1","2025-03-30 09:35:41","2","2025-03-28 13:35:41","2.2","1"
"manager","Operations","1.3","2025-03-27 01:26:03","3","2025-03-26 11:26:03","3.6","0"
"employee","HR","8.0","2025-03-17 20:35:43","1","2025-03-17 06:35:43","1.6","0"
"employee","IT","3.5","2025-03-20 00:26:05","1","2025-03-19 10:26:05","4.0","0"
"admin","Operations","8.7","2025-03-16 14:19:32","4","2025-03-16 04:19:32","1.8","1"
"admin","Operations","3.0","2025-03-23 18:10:13","4","2025-03-23 16:10:13","0.8","1"
"admin","Operations","3.3","2025-03-10 12:49:40","1","2025-03-10 08:49:40","3.2","1"
"manager","IT","5.0","2025-03-01 04:57:49","7","2025-02-28 04:57:49","0.9","0"
"manager","Finance","8.6","2025-03-14 04:43:20","4","2025-03-13 17:43:20","2.7","0"
"employee","Finance","9.5","2025-03-25 11:49:55","3","2025-03-25 04:49:55","0.6","1"
"admin","IT","9.1","2025-03-07 09:17:56","7","2025-03-06 12:17:56","4.3","1"
"employee","HR","8.2","2025-03-22 04:12:42","6","2025-03-20 08:12:42","3.7","0"
"manager","HR","8.0","2025-03-15 06:57:33","7","2025-03-14 07:57:33","1.2","0"
"admin","Finance","6.6","2025-03-30 00:28:01","3","2025-03-28 12:28:01","2.5","1"
"employee","IT","6.0","2025-03-01 22:26:23","5","2025-02-28 11:26:23","3.2","0"
"manager","IT","0.6","2025-03-20 08:23:50","1","2025-03-20 06:23:50","0.1","0"
"admin","Finance","2.2","2025-03-10 02:44:07","1","2025-03-09 03:44:07","2.0","1"
"employee","IT","6.8","2025-03-24 04:24:50","1","2025-03-23 10:24:50","1.7","1"
"admin","Operations","1.7","2025-03-06 04:48:53","9","2025-03-06 02:48:53","3.9","1"
"employee","IT","5.5","2025-03-16 17:54:01","3","2025-03-15 11:54:01","1.2","1"
"manager","Finance","5.6","2025-03-18 13:02:54","4","2025-03-18 01:02:54","2.5","0"
"admin","HR","7.3","2025-03-18 05:45:30","2","2025-03-16 10:45:30","0.2","1"
"employee","Finance","4.3","2025-03-10 10:38:33","3","2025-03-10 07:38:33","3.6","1"
"admin","Finance","6.1","2025-03-06 22:19:33","9","2025-03-05 07:19:33","2.1","1"
"admin","IT","4.4","2025-03-19 06:13:48","4","2025-03-17 06:13:48","3.8","1"
"manager","Finance","9.3","2025-03-20 06:55:51","5","2025-03-19 19:55:51","4.7","0"
"manager","Finance","5.7","2025-03-10 00:34:19","10","2025-03-08 02:34:19","1.6","0"
"manager","HR","4.8","2025-03-03 17:46:26","1","2025-03-03 14:46:26","4.1","1"
"manager","IT","2.7","2025-03-19 12:10:01","6","2025-03-18 23:10:01","4.8","0"
"manager","Finance","8.8","2025-03-04 18:24:21","8","2025-03-04 13:24:21","3.5","0"
"employee","Operations","8.6","2025-03-09 14:17:01","6","2025-03-08 19:17:01","2.9","0"
"manager","IT","7.8","2025-03-22 12:04:30","8","2025-03-21 16:04:30","2.7","0"
"employee","HR","5.5","2025-03-18 21:11:02","6","2025-03-18 10:11:02","0.6","0"
"manager","IT","2.6","2025-03-15 20:04:23","8","2025-03-15 11:04:23","1.3","0"
"manager","Operations","2.1","2025-03-08 11:49:30","10","2025-03-07 06:49:30","1.7","0"
"manager","Operations","2.6","2025-03-04 18:25:46","2","2025-03-03 18:25:46","1.9","0"
"manager","Operations","5.3","2025-03-10 05:46:54","7","2025-03-09 19:46:54","3.4","0"
"admin","HR","5.8","2025-03-12 08:24:06","2","2025-03-12 00:24:06","4.2","1"
"employee","HR","7.9","2025-03-05 02:03:22","3","2025-03-04 22:03:22","3.3","0"
"admin","IT","3.4","2025-03-03 06:28:12","5","2025-03-01 12:28:12","4.9","1"
"manager","Finance","8.7","2025-03-29 04:37:28","4","2025-03-27 23:37:28","3.4","0"
"admin","IT","0.6","2025-03-30 12:15:18","9","2025-03-28 18:15:18","3.8","1"
"employee","Operations","4.4","2025-03-24 08:50:40","6","2025-03-22 22:50:40","1.3","0"
"admin","Operations","5.0","2025-03-07 04:54:59","4","2025-03-06 03:54:59","4.6","1"
"admin","HR","5.0","2025-03-24 21:42:30","4","2025-03-24 17:42:30","4.2","1"
"manager","HR","6.8","2025-03-13 23:56:41","9","2025-03-12 18:56:41","3.7","0"
"manager","Finance","7.5","2025-03-04 16:04:20","2","2025-03-03 23:04:20","3.4","1"
"manager","Finance","4.7","2025-03-05 15:12:18","5","2025-03-05 10:12:18","3.5","0"
"admin","IT","3.4","2025-03-09 08:01:27","3","2025-03-07 17:01:27","3.0","1"
"employee","HR","6.1","2025-03-08 10:51:19","1","2025-03-08 07:51:19","1.6","1"
"admin","Finance","3.6","2025-03-03 00:10:40","10","2025-03-01 08:10:40","2.7","1"
"employee","IT","4.2","2025-03-24 15:40:01","4","2025-03-23 03:40:01","2.9","0"
"admin","Finance","4.0","2025-03-15 17:28:00","9","2025-03-14 15:28:00","3.5","1"
"employee","Finance","8.9","2025-03-08 11:31:52","8","2025-03-08 10:31:52","1.9","0"
"manager","IT","7.9","2025-03-14 03:10:35","8","2025-03-13 08:10:35","3.4","0"
"manager","IT","0.2","2025-03-14 22:09:39","1","2025-03-14 07:09:39","2.7","0"
"employee","Finance","6.7","2025-03-08 16:21:22","10","2025-03-07 08:21:22","2.5","0"
"manager","IT","6.5","2025-03-21 15:07:00","2","2025-03-19 20:07:00","1.9","1"
"employee","IT","1.4","2025-03-30 21:13:38","5","2025-03-29 17:13:38","1.3","0"
"admin","HR","6.7","2025-03-14 19:23:56","10","2025-03-14 04:23:56","1.8","1"
"employee","Finance","6.1","2025-03-03 22:01:21","10","2025-03-02 12:01:21","4.0","0"
"employee","Finance","8.0","2025-03-24 22:54:32","5","2025-03-24 13:54:32","1.4","0"
"admin","Operations","0.4","2025-03-25 10:22:42","8","2025-03-23 14:22:42","4.3","1"
"admin","Finance","1.0","2025-03-02 08:58:36","5","2025-03-01 09:58:36","4.9","1"
"admin","HR","1.0","2025-03-09 10:39:58","1","2025-03-07 17:39:58","2.8","1"
"manager","HR","1.7","2025-03-09 00:25:36","10","2025-03-08 03:25:36","3.0","0"
"manager","Finance","4.0","2025-03-21 22:41:21","3","2025-03-21 14:41:21","1.4","0"
"employee","Operations","4.2","2025-03-21 19:05:36","10","2025-03-20 00:05:36","0.7","0"
"admin","IT","7.7","2025-03-03 12:33:45","1","2025-03-03 12:33:45","4.7","1"
"manager","Finance","2.3","2025-03-21 17:17:13","7","2025-03-19 18:17:13","3.9","0"
"manager","HR","7.0","2025-03-24 22:25:10","1","2025-03-23 02:25:10","0.3","0"
"manager","HR","1.0","2025-03-22 16:34:20","4","2025-03-22 15:34:20","4.5","0"
"employee","HR","1.4","2025-03-27 02:50:08","8","2025-03-25 12:50:08","4.3","0"
"employee","IT","2.4","2025-03-20 00:19:19","2","2025-03-19 03:19:19","2.4","0"
"manager","HR","6.3","2025-03-26 11:46:30","5","2025-03-24 16:46:30","1.0","0"
"employee","Operations","8.7","2025-03-19 20:40:34","2","2025-03-17 20:40:34","3.4","0"
"manager","Operations","5.2","2025-03-22 04:38:18","7","2025-03-21 05:38:18","4.3","0"
"admin","HR","7.1","2025-03-19 13:34:21","2","2025-03-17 23:34:21","1.5","1"
"employee","HR","3.6","2025-03-30 19:53:35","10","2025-03-30 11:53:35","2.4","0"
"employee","IT","1.1","2025-03-26 05:10:30","5","2025-03-25 10:10:30","3.7","0"
"admin","HR","6.8","2025-03-21 04:45:29","1","2025-03-21 00:45:29","3.5","1"
"employee","Finance","9.1","2025-03-08 12:07:06","5","2025-03-06 23:07:06","0.9","0"
"manager","IT","2.0","2025-03-14 21:47:02","10","2025-03-12 22:47:02","3.7","0"
"admin","Operations","7.5","2025-03-30 06:26:45","10","2025-03-29 23:26:45","2.1","1"
"employee","Finance","5.1","2025-03-22 18:09:47","2","2025-03-21 09:09:47","2.5","0"
"manager","HR","3.1","2025-03-20 02:31:22","3","2025-03-18 02:31:22","0.1","0"
"employee","Finance","3.7","2025-03-22 18:28:32","3","2025-03-21 08:28:32","1.4","0"
"manager","HR","4.0","2025-03-30 14:49:44","3","2025-03-30 01:49:44","2.2","0"
"manager","HR","2.1","2025-03-10 02:55:33","5","2025-03-09 04:55:33","4.1","0"
"admin","IT","5.8","2025-03-01 03:50:51","6","2025-02-28 11:50:51","1.9","1"
"manager","Operations","3.6","2025-03-29 11:32:34","10","2025-03-28 07:32:34","4.5","0"
"manager","Finance","0.0","2025-03-30 09:57:28","9","2025-03-28 12:57:28","0.7","0"
"admin","Finance","7.6","2025-03-25 04:12:20","4","2025-03-23 16:12:20","3.4","1"
"employee","Operations","9.4","2025-03-01 12:20:43","7","2025-03-01 06:20:43","0.4","0"
"manager","HR","6.6","2025-03-12 01:58:32","9","2025-03-11 18:58:32","1.1","0"
"admin","Finance","4.9","2025-03-15 23:45:01","8","2025-03-14 22:45:01","2.9","1"
"manager","Operations","1.4","2025-03-24 09:33:09","8","2025-03-22 16:33:09","4.9","0"
"employee","IT","4.4","2025-03-05 23:59:22","10","2025-03-03 23:59:22","3.0","0"
"manager","Operations","8.0","2025-03-04 18:17:05","6","2025-03-02 20:17:05","2.4","0"
"admin","Operations","9.5","2025-03-13 17:34:05","1","2025-03-13 13:34:05","2.4","1"
"manager","Finance","4.9","2025-03-07 17:46:00","3","2025-03-06 14:46:00","4.4","0"
"manager","Finance","6.3","2025-03-16 11:31:07","7","2025-03-15 09:31:07","3.6","0"
"admin","HR","9.4","2025-03-22 17:13:55","6","2025-03-21 06:13:55","4.7","1"
"admin","Operations","9.5","2025-03-02 08:20:00","8","2025-02-28 16:20:00","2.4","1"
"employee","HR","3.6","2025-03-22 22:01:20","5","2025-03-20 23:01:20","3.4","0"
"admin","IT","2.8","2025-03-15 13:54:50","5","2025-03-15 05:54:50","2.0","1"
"employee","IT","9.4","2025-03-04 07:59:29","7","2025-03-03 23:59:29","1.4","0"
"manager","Finance","6.6","2025-03-19 06:52:36","4","2025-03-19 05:52:36","3.6","0"
"admin","IT","2.6","2025-03-13 16:16:22","10","2025-03-13 11:16:22","2.6","1"
"admin","IT","8.7","2025-03-12 00:07:44","1","2025-03-10 16:07:44","1.7","1"
"employee","HR","2.3","2025-03-01 07:10:58","4","2025-02-28 07:10:58","0.9","0"
"manager","IT","5.7","2025-03-23 20:38:03","7","2025-03-23 06:38:03","2.5","0"
"admin","Operations","1.9","2025-03-17 17:54:01","9","2025-03-16 08:54:01","4.6","1"
"admin","Operations","1.0","2025-03-25 16:51:40","10","2025-03-24 21:51:40","1.4","1"
"employee","IT","3.2","2025-03-25 22:16:21","9","2025-03-23 23:16:21","0.3","0"
"employee","HR","2.3","2025-03-21 02:30:56","3","2025-03-19 17:30:56","1.2","0"
"admin","IT","0.7","2025-03-08 06:05:54","9","2025-03-07 11:05:54","1.6","1"
"manager","HR","0.1","2025-03-28 04:32:31","7","2025-03-28 00:32:31","3.2","0"
"employee","Operations","5.9","2025-03-28 04:55:14","8","2025-03-27 21:55:14","1.4","0"
"manager","Operations","2.0","2025-03-06 19:31:10","5","2025-03-05 00:31:10","2.4","0"
"manager","HR","7.9","2025-03-24 10:55:40","5","2025-03-23 03:55:40","3.7","0"
"admin","HR","7.2","2025-03-30 05:17:48","9","2025-03-29 08:17:48","1.6","1"
"manager","Finance","4.0","2025-03-08 22:05:22","3","2025-03-07 08:05:22","0.5","0"
"employee","Finance","0.3","2025-03-11 17:12:53","9","2025-03-11 06:12:53","1.6","0"
"manager","IT","4.3","2025-03-11 08:37:55","10","2025-03-10 17:37:55","3.1","0"
"manager","Operations","0.2","2025-03-24 05:31:31","9","2025-03-22 14:31:31","2.4","0"
"employee","HR","5.6","2025-03-23 20:17:05","5","2025-03-23 05:17:05","2.0","0"
"admin","Operations","2.1","2025-03-21 11:09:42","5","2025-03-20 17:09:42","3.3","1"
"manager","HR","7.0","2025-03-15 13:32:47","6","2025-03-13 21:32:47","0.3","0"
"admin","IT","0.7","2025-03-08 01:43:17","2","2025-03-07 18:43:17","4.5","1"
"employee","IT","6.9","2025-03-13 22:01:55","6","2025-03-13 05:01:55","4.7","0"
"admin","HR","7.9","2025-03-09 00:58:40","5","2025-03-07 19:58:40","3.7","1"
"employee","Finance","4.5","2025-03-25 07:43:07","6","2025-03-24 10:43:07","0.9","0"
"employee","IT","9.4","2025-03-04 10:19:00","6","2025-03-03 23:19:00","0.9","0"
"admin","HR","7.5","2025-03-26 11:28:06","6","2025-03-25 22:28:06","0.3","1"
"employee","Operations","2.8","2025-03-01 02:55:58","1","2025-02-27 14:55:58","3.6","0"
"manager","HR","5.7","2025-03-27 04:05:07","3","2025-03-25 18:05:07","3.2","0"
"employee","Finance","0.9","2025-03-16 11:20:07","1","2025-03-16 05:20:07","0.4","0"
"manager","Finance","0.4","2025-03-08 15:59:40","3","2025-03-08 02:59:40","3.1","1"
"manager","HR","0.7","2025-03-20 05:17:11","1","2025-03-19 08:17:11","1.0","0"
"manager","IT","0.6","2025-03-03 18:06:24","4","2025-03-01 20:06:24","1.7","0"
"manager","Finance","4.2","2025-03-29 20:06:48","8","2025-03-28 16:06:48","4.4","0"
"employee","Operations","4.1","2025-03-28 17:02:42","1","2025-03-27 01:02:42","4.6","1"
"manager","Finance","8.9","2025-03-21 14:30:29","2","2025-03-20 09:30:29","1.9","1"
"manager","IT","5.7","2025-03-11 01:29:21","4","2025-03-09 05:29:21","0.1","1"
"admin","Finance","4.5","2025-03-15 14:36:32","5","2025-03-15 05:36:32","3.6","1"
"employee","Finance","2.0","2025-03-05 12:16:14","4","2025-03-04 01:16:14","2.2","0"
"manager","IT","5.6","2025-03-19 10:54:45","10","2025-03-18 08:54:45","0.2","0"
"employee","IT","0.1","2025-03-01 13:18:38","2","2025-02-28 03:18:38","2.4","1"
"admin","IT","5.4","2025-03-08 16:33:31","10","2025-03-08 16:33:31","4.7","1"
"employee","IT","2.5","2025-03-16 15:45:22","8","2025-03-14 15:45:22","2.4","0"
"manager","Operations","9.3","2025-03-27 15:48:28","1","2025-03-27 04:48:28","2.4","1"
"manager","IT","7.8","2025-03-23 01:32:09","6","2025-03-21 06:32:09","4.2","0"
"employee","HR","3.2","2025-03-05 04:10:37","8","2025-03-03 16:10:37","2.7","0"
"employee","Operations","1.2","2025-03-05 01:16:14","10","2025-03-04 03:16:14","1.7","0"
"manager","IT","2.0","2025-03-08 18:31:21","6","2025-03-08 07:31:21","4.4","0"
"employee","Finance","1.4","2025-03-16 10:26:07","7","2025-03-14 14:26:07","4.1","0"
"admin","HR","5.5","2025-03-24 13:50:07","10","2025-03-23 05:50:07","3.2","1"
"employee","HR","6.2","2025-03-10 21:37:21","3","2025-03-09 01:37:21","3.5","0"
"employee","IT","0.4","2025-03-06 01:52:16","3","2025-03-04 10:52:16","2.6","0"
"employee","Operations","3.7","2025-03-12 19:25:24","9","2025-03-12 02:25:24","3.7","0"
"admin","HR","2.3","2025-03-12 05:08:15","7","2025-03-10 22:08:15","1.4","1"
"admin","HR","0.7","2025-03-21 23:20:48","4","2025-03-20 07:20:48","2.9","1"
"manager","IT","0.1","2025-03-29 06:44:02","9","2025-03-28 08:44:02","2.8","0"
"manager","IT","10.0","2025-03-05 21:42:26","9","2025-03-05 06:42:26","1.3","0"
"admin","IT","0.4","2025-03-11 23:51:12","1","2025-03-11 01:51:12","3.8","1"
"admin","HR","2.0","2025-03-14 05:31:33","2","2025-03-14 04:31:33","3.2","1"
"employee","HR","1.2","2025-03-25 01:46:24","8","2025-03-24 13:46:24","3.1","0"
"employee","IT","1.6","2025-03-02 17:30:19","2","2025-03-01 20:30:19","3.3","1"
"admin","HR","7.8","2025-03-19 23:55:34","9","2025-03-19 12:55:34","0.5","1"
"manager","HR","0.3","2025-03-20 08:01:32","6","2025-03-20 06:01:32","2.8","0"
"employee","Finance","5.0","2025-03-09 01:31:37","7","2025-03-07 11:31:37","4.3","0"
"admin","Operations","3.0","2025-03-22 00:03:40","6","2025-03-20 20:03:40","2.8","1"
"employee","HR","6.8","2025-03-15 20:02:20","10","2025-03-14 08:02:20","0.2","0"
"employee","IT","3.1","2025-03-18 00:44:43","7","2025-03-17 17:44:43","1.9","0"
"employee","Finance","6.2","2025-03-09 18:12:06","5","2025-03-08 15:12:06","2.2","0"
"admin","Operations","5.6","2025-03-14 18:33:48","6","2025-03-13 19:33:48","0.7","1"
"manager","Finance","3.1","2025-03-13 10:38:35","8","2025-03-12 06:38:35","1.8","0"
"manager","IT","10.0","2025-03-22 04:37:40","3","2025-03-21 17:37:40","0.2","1"
"employee","Finance","3.5","2025-03-06 19:33:04","4","2025-03-05 16:33:04","0.5","0"
"manager","Operations","8.3","2025-03-28 13:41:28","9","2025-03-27 12:41:28","0.7","0"
"employee","HR","7.1","2025-03-26 08:38:28","7","2025-03-26 05:38:28","4.9","0"
"employee","Finance","3.5","2025-03-27 09:46:15","2","2025-03-26 18:46:15","4.8","1"
"employee","Operations","3.9","2025-03-16 13:21:52","9","2025-03-16 02:21:52","1.0","0"
"admin","IT","1.3","2025-03-03 11:17:30","9","2025-03-02 04:17:30","4.9","1"
"employee","HR","2.1","2025-03-29 14:12:06","8","2025-03-29 11:12:06","4.1","0"
"employee","Finance","1.4","2025-03-20 13:33:57","10","2025-03-20 02:33:57","3.9","0"
"manager","Finance","8.3","2025-03-11 01:02:31","7","2025-03-09 04:02:31","4.4","0"
"manager","Operations","1.4","2025-03-05 16:08:06","1","2025-03-03 19:08:06","2.1","1"
"employee","Finance","9.8","2025-03-25 22:35:30","1","2025-03-24 01:35:30","2.4","0"
"manager","Finance","4.7","2025-03-21 17:15:37","1","2025-03-21 15:15:37","3.8","0"
"admin","HR","3.5","2025-03-07 07:56:27","10","2025-03-05 15:56:27","3.8","1"
"manager","Finance","0.7","2025-03-01 19:51:52","5","2025-02-28 10:51:52","3.5","0"
"admin","HR","9.8","2025-03-02 15:38:08","6","2025-03-02 09:38:08","1.7","1"
"employee","Finance","0.3","2025-03-29 23:48:33","6","2025-03-29 01:48:33","4.9","0"
"manager","Operations","2.7","2025-03-24 07:04:51","8","2025-03-23 08:04:51","1.9","0"
"employee","Operations","9.9","2025-03-15 19:48:13","7","2025-03-14 12:48:13","4.6","0"
"admin","Operations","5.7","2025-03-11 06:06:28","3","2025-03-09 18:06:28","4.3","1"
"admin","HR","7.5","2025-03-11 12:46:02","3","2025-03-10 22:46:02","4.6","1"
"manager","Finance","8.5","2025-03-22 00:28:25","5","2025-03-21 18:28:25","0.5","0"
"manager","Finance","0.4","2025-03-10 03:23:17","5","2025-03-09 01:23:17","1.7","0"
"employee","IT","5.5","2025-03-26 21:51:47","3","2025-03-26 13:51:47","2.0","1"
"admin","HR","7.1","2025-03-12 21:49:50","6","2025-03-12 13:49:50","3.4","1"
"admin","Finance","9.8","2025-03-08 10:32:29","3","2025-03-06 16:32:29","1.1","1"
"manager","Operations","1.6","2025-03-12 22:15:53","2","2025-03-11 06:15:53","0.8","0"
"employee","IT","7.7","2025-03-27 19:27:16","1","2025-03-26 12:27:16","1.8","1"
"manager","Operations","5.2","2025-03-19 06:22:28","7","2025-03-17 21:22:28","2.6","0"
"employee","Finance","4.3","2025-03-08 13:25:40","3","2025-03-07 04:25:40","0.3","0"
"manager","HR","7.2","2025-03-01 18:37:26","2","2025-02-28 06:37:26","4.1","0"
"manager","HR","5.1","2025-03-13 02:03:22","10","2025-03-12 23:03:22","2.4","0"
"employee","HR","4.6","2025-03-21 22:16:44","3","2025-03-21 19:16:44","2.8","0"
"employee","Finance","4.1","2025-03-17 09:41:19","3","2025-03-15 22:41:19","3.7","1"
"admin","IT","9.1","2025-03-02 02:43:08","4","2025-03-01 18:43:08","0.9","1"
"admin","Operations","2.3","2025-03-24 22:05:15","5","2025-03-24 03:05:15","1.5","1"
"admin","Operations","2.6","2025-03-01 00:52:29","1","2025-02-28 21:52:29","3.8","1"
"admin","Finance","3.1","2025-03-04 06:57:01","7","2025-03-03 01:57:01","1.5","1"
"manager","IT","9.8","2025-03-17 21:04:24","9","2025-03-16 06:04:24","0.9","0"
"manager","Operations","8.1","2025-03-23 03:34:07","8","2025-03-21 03:34:07","0.5","0"
"employee","IT","5.4","2025-03-30 14:42:01","1","2025-03-29 03:42:01","4.7","1"
"manager","HR","5.8","2025-03-03 14:01:10","6","2025-03-03 03:01:10","2.5","0"
"employee","Finance","6.4","2025-03-02 18:20:19","10","2025-03-02 04:20:19","2.0","0"
"manager","IT","0.1","2025-03-01 00:47:39","3","2025-02-27 11:47:39","1.3","0"
"employee","Operations","7.0","2025-03-05 22:42:23","9","2025-03-05 21:42:23","0.5","0"
"employee","Finance","5.6","2025-03-24 20:31:18","5","2025-03-24 12:31:18","4.0","0"
"manager","HR","3.5","2025-03-13 01:02:37","7","2025-03-12 23:02:37","1.9","0"
"admin","Finance","8.8","2025-03-13 03:40:15","3","2025-03-12 13:40:15","2.5","1"
"employee","Operations","0.4","2025-03-23 08:42:07","8","2025-03-22 08:42:07","3.2","0"
"employee","HR","7.9","2025-03-23 23:00:40","3","2025-03-22 06:00:40","0.2","0"
"employee","Operations","7.1","2025-03-19 13:23:44","6","2025-03-17 23:23:44","4.9","0"
"admin","HR","0.0","2025-03-26 14:11:34","5","2025-03-25 08:11:34","2.6","1"
"employee","HR","7.0","2025-03-23 21:47:40","3","2025-03-23 13:47:40","0.2","0"
"employee","HR","9.8","2025-03-19 00:09:14","8","2025-03-17 19:09:14","1.5","0"
"employee","Operations","0.2","2025-03-04 08:41:29","5","2025-03-04 06:41:29","4.5","0"
"admin","HR","5.2","2025-03-27 02:30:33","4","2025-03-26 15:30:33","2.5","1"
"manager","IT","8.7","2025-03-21 23:39:53","8","2025-03-21 17:39:53","3.0","0"
"admin","HR","3.6","2025-03-20 16:09:16","1","2025-03-18 19:09:16","4.2","1"
"admin","IT","9.9","2025-03-11 05:34:49","6","2025-03-10 22:34:49","1.8","1"
"admin","Finance","4.9","2025-03-05 03:21:21","9","2025-03-04 02:21:21","2.6","1"
"admin","IT","4.2","2025-03-18 15:37:29","5","2025-03-18 03:37:29","3.5","1"
"employee","HR","0.9","2025-03-06 10:44:54","8","2025-03-06 00:44:54","1.6","0"
"admin","Finance","3.1","2025-03-12 15:12:12","2","2025-03-11 23:12:12","2.4","1"
"employee","Finance","5.8","2025-03-12 09:20:04","10","2025-03-12 05:20:04","2.5","0"
"manager","IT","3.8","2025-03-15 22:35:57","7","2025-03-15 04:35:57","2.5","0"
"manager","Finance","6.2","2025-03-03 14:03:11","8","2025-03-02 04:03:11","2.6","0"
"employee","Operations","7.1","2025-03-08 19:19:42","6","2025-03-06 20:19:42","2.2","0"
"admin","Finance","1.8","2025-03-05 13:13:05","4","2025-03-04 13:13:05","1.3","1"
"admin","HR","7.8","2025-03-09 15:47:13","10","2025-03-09 13:47:13","4.8","1"
"manager","Finance","1.5","2025-03-06 08:00:49","8","2025-03-05 08:00:49","2.6","0"
"manager","Operations","8.4","2025-03-09 16:24:57","6","2025-03-08 13:24:57","3.1","0"
"manager","HR","7.1","2025-03-21 16:06:31","1","2025-03-20 18:06:31","0.9","1"
"employee","IT","4.0","2025-03-27 13:44:35","8","2025-03-26 19:44:35","1.7","0"
"employee","IT","2.4","2025-03-01 16:09:57","8","2025-02-28 23:09:57","0.2","0"
"admin","Finance","8.1","2025-03-22 01:45:20","9","2025-03-21 10:45:20","1.2","1"
"manager","HR","1.9","2025-03-19 05:20:17","7","2025-03-18 18:20:17","4.1","0"
"employee","Finance","7.2","2025-03-06 05:11:00","9","2025-03-05 04:11:00","2.7","0"
"manager","Finance","5.5","2025-03-13 14:54:30","2","2025-03-12 10:54:30","2.1","0"
"manager","IT","5.1","2025-03-09 09:06:52","6","2025-03-09 09:06:52","4.0","0"
"manager","Operations","2.0","2025-03-11 04:46:27","1","2025-03-11 03:46:27","1.3","0"
"manager","Operations","9.0","2025-03-21 18:01:48","6","2025-03-20 10:01:48","0.1","0"
"manager","Operations","2.5","2025-03-08 02:20:15","10","2025-03-06 06:20:15","3.2","0"
"manager","Finance","0.6","2025-03-06 15:00:45","9","2025-03-05 12:00:45","4.6","0"
"employee","IT","0.6","2025-03-24 05:32:20","4","2025-03-24 02:32:20","0.3","0"
"admin","Finance","3.9","2025-03-30 10:50:31","7","2025-03-28 23:50:31","4.3","1"
"employee","HR","2.8","2025-03-15 20:44:11","10","2025-03-15 19:44:11","0.7","0"
"admin","HR","9.0","2025-03-10 04:12:27","9","2025-03-09 02:12:27","2.9","1"
"manager","IT","7.6","2025-03-06 00:05:22","2","2025-03-04 09:05:22","5.0","1"
"manager","Operations","2.8","2025-03-28 14:38:56","8","2025-03-28 01:38:56","2.7","0"
"employee","Finance","8.4","2025-03-27 04:58:37","4","2025-03-26 09:58:37","3.4","0"
"employee","HR","1.5","2025-03-11 19:25:11","6","2025-03-10 01:25:11","3.6","0"
"employee","Operations","5.2","2025-03-21 09:52:12","7","2025-03-21 02:52:12","1.4","0"
"manager","Finance","4.4","2025-03-19 00:04:34","8","2025-03-17 21:04:34","0.1","0"
"manager","IT","4.0","2025-03-28 08:34:23","5","2025-03-26 20:34:23","3.0","0"
"admin","IT","6.5","2025-03-28 04:00:17","6","2025-03-28 04:00:17","3.4","1"
"admin","HR","6.0","2025-03-10 09:45:18","4","2025-03-09 06:45:18","4.8","1"
"manager","HR","7.5","2025-03-09 07:58:48","9","2025-03-08 05:58:48","0.1","0"
"admin","IT","8.5","2025-03-11 00:59:32","5","2025-03-10 14:59:32","4.3","1"
"employee","Operations","6.5","2025-03-03 17:26:02","8","2025-03-02 02:26:02","3.0","0"
"employee","Operations","5.7","2025-03-03 12:59:39","9","2025-03-02 15:59:39","0.6","0"
"manager","Finance","5.5","2025-03-09 00:09:57","3","2025-03-07 03:09:57","2.3","0"
"employee","Operations","3.8","2025-03-03 16:54:13","1","2025-03-02 08:54:13","3.4","1"
"admin","Finance","5.9","2025-03-21 23:22:58","5","2025-03-20 02:22:58","3.7","1"
"employee","IT","0.9","2025-03-11 04:21:27","10","2025-03-09 15:21:27","1.1","0"
"employee","Finance","5.6","2025-03-12 18:15:32","7","2025-03-11 23:15:32","2.2","0"
"admin","Operations","9.8","2025-03-15 03:57:04","2","2025-03-14 16:57:04","2.9","1"
"manager","Finance","8.7","2025-03-05 22:18:07","7","2025-03-05 01:18:07","0.7","0"
"employee","IT","9.3","2025-03-21 02:20:17","1","2025-03-19 19:20:17","1.8","1"
"manager","Finance","6.3","2025-03-18 16:24:44","6","2025-03-18 10:24:44","0.7","1"
"manager","HR","7.1","2025-03-09 19:22:03","1","2025-03-09 15:22:03","3.3","0"
"employee","IT","8.8","2025-03-01 20:34:55","10","2025-02-28 16:34:55","3.8","0"
"employee","HR","6.4","2025-03-04 22:28:01","7","2025-03-02 23:28:01","3.2","0"
"manager","Finance","10.0","2025-03-11 21:41:56","6","2025-03-09 22:41:56","4.4","0"
"admin","Finance","8.2","2025-03-21 09:31:47","2","2025-03-20 18:31:47","3.2","1"
"admin","Finance","0.4","2025-03-23 03:44:42","10","2025-03-21 04:44:42","1.5","1"
"employee","IT","7.2","2025-03-06 19:17:20","9","2025-03-05 07:17:20","0.5","0"
"employee","Finance","7.7","2025-03-26 00:05:11","2","2025-03-25 02:05:11","0.8","0"
"employee","Finance","2.6","2025-03-01 19:08:23","2","2025-02-28 00:08:23","1.2","0"
"manager","Finance","7.4","2025-03-19 09:12:11","10","2025-03-19 02:12:11","4.2","0"
"manager","Operations","5.9","2025-03-26 00:46:52","7","2025-03-25 23:46:52","3.6","0"
"employee","HR","3.0","2025-03-05 01:16:59","3","2025-03-03 13:16:59","2.1","0"
"manager","Finance","6.0","2025-03-24 00:51:37","2","2025-03-22 07:51:37","4.3","0"
"employee","HR","8.6","2025-03-07 17:53:04","6","2025-03-06 14:53:04","1.2","0"
"admin","IT","1.1","2025-03-12 15:34:16","10","2025-03-10 23:34:16","2.5","1"
"manager","Finance","7.0","2025-03-20 20:52:13","4","2025-03-18 23:52:13","1.1","0"
"manager","IT","6.5","2025-03-19 00:13:59","1","2025-03-17 16:13:59","4.8","1"
"employee","HR","1.8","2025-03-09 21:06:54","2","2025-03-08 19:06:54","0.4","0"
"manager","Finance","1.1","2025-03-26 09:54:09","7","2025-03-24 10:54:09","2.8","0"
"manager","Finance","8.7","2025-03-03 01:23:40","1","2025-03-02 23:23:40","3.3","0"
"employee","HR","8.5","2025-03-09 15:49:03","9","2025-03-08 22:49:03","1.1","0"
"manager","Operations","5.5","2025-03-12 15:54:41","7","2025-03-12 06:54:41","3.8","0"
"admin","IT","7.4","2025-03-20 14:14:25","10","2025-03-18 23:14:25","4.5","1"
"employee","Finance","3.8","2025-03-15 06:24:30","1","2025-03-14 11:24:30","4.2","0"
"manager","IT","4.6","2025-03-17 02:57:18","8","2025-03-16 19:57:18","1.8","0"
"employee","Finance","6.8","2025-03-09 16:00:03","6","2025-03-08 10:00:03","2.6","0"
"admin","IT","5.4","2025-03-25 13:33:44","9","2025-03-23 22:33:44","4.0","1"
"admin","HR","8.1","2025-03-15 19:48:59","3","2025-03-14 05:48:59","0.2","1"
"employee","Operations","6.4","2025-03-09 14:59:39","5","2025-03-07 16:59:39","4.6","0"
"admin","IT","3.3","2025-03-27 11:58:36","2","2025-03-27 01:58:36","5.0","1"
"employee","Finance","1.8","2025-03-29 10:11:27","9","2025-03-28 20:11:27","4.2","0"
"manager","IT","9.7","2025-03-29 17:59:10","8","2025-03-28 06:59:10","2.6","0"
"manager","Operations","0.6","2025-03-19 13:40:29","8","2025-03-17 14:40:29","1.7","0"
"admin","IT","7.6","2025-03-29 01:46:25","6","2025-03-28 20:46:25","0.7","1"
"manager","HR","2.8","2025-03-04 19:18:18","2","2025-03-04 02:18:18","0.6","0"
"admin","IT","0.2","2025-03-25 16:24:40","2","2025-03-25 03:24:40","2.9","1"
"admin","Finance","0.8","2025-03-28 21:27:12","7","2025-03-28 14:27:12","0.6","1"
"manager","IT","1.9","2025-03-05 21:45:19","4","2025-03-04 19:45:19","2.8","0"
"admin","Finance","3.2","2025-03-27 23:09:57","10","2025-03-26 20:09:57","0.4","1"
"employee","Finance","3.8","2025-03-07 19:46:59","5","2025-03-07 10:46:59","4.1","0"
"admin","Operations","2.2","2025-03-29 07:47:07","5","2025-03-27 17:47:07","0.5","1"
"manager","Finance","7.2","2025-03-02 18:15:09","5","2025-03-01 05:15:09","1.5","0"
"employee","Finance","3.5","2025-03-19 15:38:35","10","2025-03-19 04:38:35","0.8","0"
"manager","Operations","8.7","2025-03-22 13:55:49","10","2025-03-21 13:55:49","4.9","0"
"employee","IT","3.9","2025-03-17 00:51:03","10","2025-03-16 06:51:03","1.8","0"
"employee","Finance","9.4","2025-03-13 21:05:46","8","2025-03-13 07:05:46","2.0","0"
"admin","IT","6.7","2025-03-13 20:47:39","2","2025-03-12 01:47:39","1.8","1"
"manager","Operations","2.3","2025-03-30 00:11:15","3","2025-03-28 17:11:15","0.7","0"
"admin","IT","1.9","2025-03-21 19:28:21","10","2025-03-20 10:28:21","4.9","1"
"employee","HR","6.7","2025-03-15 15:35:14","10","2025-03-14 01:35:14","1.1","0"
"employee","HR","4.3","2025-03-09 09:54:16","10","2025-03-07 15:54:16","0.4","0"
"employee","Finance","2.3","2025-03-17 05:52:27","8","2025-03-15 14:52:27","0.2","0"
"employee","IT","4.8","2025-03-24 16:12:32","10","2025-03-23 16:12:32","0.3","0"
"admin","Operations","0.3","2025-03-27 21:26:34","8","2025-03-27 02:26:34","2.5","1"
"manager","Operations","0.6","2025-03-04 12:21:11","3","2025-03-03 06:21:11","1.0","1"
"manager","Operations","9.2","2025-03-28 16:01:13","8","2025-03-27 22:01:13","1.7","0"
"admin","IT","8.8","2025-03-25 11:50:05","3","2025-03-24 02:50:05","1.9","1"
"employee","IT","5.9","2025-03-22 02:24:36","9","2025-03-21 21:24:36","4.3","0"
"employee","Finance","1.7","2025-03-15 19:09:46","3","2025-03-14 09:09:46","4.7","0"
"manager","HR","0.7","2025-03-22 07:18:28","5","2025-03-21 18:18:28","1.9","0"
"admin","HR","1.4","2025-03-28 06:17:02","7","2025-03-27 20:17:02","0.8","1"
"manager","Finance","1.3","2025-03-18 23:16:34","6","2025-03-17 06:16:34","3.7","0"
"admin","Finance","4.6","2025-03-21 08:35:29","8","2025-03-19 12:35:29","4.1","1"
"manager","Operations","3.9","2025-03-18 10:41:25","7","2025-03-18 00:41:25","3.3","0"
"employee","Operations","2.7","2025-03-24 17:44:39","1","2025-03-23 17:44:39","4.4","0"
"admin","Operations","2.4","2025-03-05 19:51:48","8","2025-03-04 09:51:48","1.7","1"
"employee","HR","2.1","2025-03-13 11:11:53","9","2025-03-13 09:11:53","1.3","0"
"employee","Finance","8.3","2025-03-02 02:34:04","5","2025-03-01 13:34:04","2.1","0"
"admin","HR","1.4","2025-03-23 17:30:19","1","2025-03-22 14:30:19","2.6","1"
"admin","IT","1.8","2025-03-10 09:58:37","2","2025-03-09 13:58:37","2.3","1"
"manager","Operations","5.7","2025-03-01 10:35:06","10","2025-02-27 20:35:06","2.7","0"
"manager","Finance","2.0","2025-03-10 09:18:47","2","2025-03-09 01:18:47","1.2","1"
"admin","IT","5.7","2025-03-29 16:14:24","10","2025-03-29 10:14:24","3.4","1"
"employee","Finance","5.8","2025-03-02 00:45:37","3","2025-02-28 13:45:37","3.4","0"
"admin","Operations","3.2","2025-03-01 08:45:32","6","2025-03-01 02:45:32","3.8","1"
"admin","IT","7.6","2025-03-02 22:11:53","3","2025-03-02 13:11:53","0.8","1"
"admin","Finance","2.0","2025-03-02 07:06:31","5","2025-03-02 05:06:31","4.4","1"
"employee","IT","2.3","2025-03-01 03:06:38","10","2025-02-28 09:06:38","0.6","0"
"employee","Operations","9.6","2025-03-11 16:22:48","9","2025-03-11 05:22:48","4.7","0"
"manager","HR","7.0","2025-03-04 20:11:19","3","2025-03-04 17:11:19","0.4","0"
"manager","IT","6.6","2025-03-24 20:14:52","8","2025-03-24 15:14:52","1.6","0"
"manager","Finance","0.0","2025-03-30 14:52:22","7","2025-03-30 09:52:22","2.7","0"
"employee","Finance","2.0","2025-03-29 01:37:29","2","2025-03-27 11:37:29","2.2","0"
"employee","Operations","0.2","2025-03-02 21:18:58","5","2025-03-02 08:18:58","2.7","0"
"admin","Finance","6.7","2025-03-24 05:00:22","5","2025-03-23 01:00:22","2.1","1"
"admin","Operations","5.6","2025-03-10 13:23:04","9","2025-03-10 12:23:04","1.7","1"
"admin","Operations","9.6","2025-03-09 21:04:27","5","2025-03-09 05:04:27","1.3","1"
"manager","HR","2.9","2025-03-11 00:36:12","9","2025-03-09 15:36:12","3.0","0"
"employee","Finance","2.0","2025-03-27 23:51:32","9","2025-03-26 21:51:32","2.4","0"
"admin","Operations","1.2","2025-03-22 06:08:56","10","2025-03-21 20:08:56","0.5","1"
"employee","IT","6.0","2025-03-07 12:02:06","4","2025-03-07 10:02:06","4.3","1"
"admin","Operations","1.3","2025-03-03 19:41:25","3","2025-03-02 16:41:25","4.6","1"
"admin","IT","3.5","2025-03-29 15:57:42","10","2025-03-27 19:57:42","0.8","1"
"admin","HR","1.8","2025-03-27 19:32:13","1","2025-03-26 16:32:13","3.4","1"
"admin","IT","7.1","2025-03-18 21:52:39","7","2025-03-17 15:52:39","0.3","1"
"manager","Finance","1.5","2025-03-11 13:22:16","9","2025-03-10 04:22:16","1.7","0"
"manager","Operations","3.8","2025-03-12 11:03:23","9","2025-03-11 08:03:23","1.3","0"
"admin","HR","6.3","2025-03-18 20:48:34","1","2025-03-18 03:48:34","1.7","1"
"admin","HR","1.6","2025-03-04 18:32:57","3","2025-03-02 18:32:57","1.4","1"
"manager","Finance","2.9","2025-03-19 16:43:47","1","2025-03-19 12:43:47","2.3","1"
"employee","IT","2.0","2025-03-11 03:11:12","2","2025-03-09 15:11:12","0.2","0"
"manager","HR","6.4","2025-03-29 04:49:09","1","2025-03-28 18:49:09","4.7","0"
"employee","Finance","6.1","2025-03-12 04:06:45","1","2025-03-10 15:06:45","2.3","0"
"admin","Finance","2.1","2025-03-02 18:13:57","6","2025-03-01 23:13:57","3.1","1"
"employee","Operations","7.5","2025-03-30 15:32:35","9","2025-03-28 23:32:35","1.5","0"
"employee","Finance","4.6","2025-03-03 20:40:16","3","2025-03-03 16:40:16","4.4","0"
"manager","Finance","6.9","2025-03-30 20:22:49","3","2025-03-29 00:22:49","2.6","0"
"admin","IT","3.9","2025-03-07 06:25:05","7","2025-03-05 17:25:05","0.6","1"
"manager","IT","0.0","2025-03-22 18:05:46","9","2025-03-21 00:05:46","1.8","0"
"manager","Finance","6.1","2025-03-30 01:20:41","9","2025-03-28 03:20:41","0.7","0"
"employee","HR","6.5","2025-03-01 23:22:39","4","2025-02-28 06:22:39","1.4","0"
"manager","IT","7.6","2025-03-08 15:47:44","3","2025-03-08 13:47:44","2.4","1"
"employee","HR","4.9","2025-03-29 09:34:20","1","2025-03-29 08:34:20","1.4","1"
"admin","HR","6.6","2025-03-23 20:55:53","2","2025-03-23 05:55:53","2.4","1"
"admin","Operations","0.7","2025-03-14 06:03:06","2","2025-03-13 08:03:06","2.4","1"
"admin","Operations","7.8","2025-03-01 13:52:01","1","2025-02-28 09:52:01","0.5","1"
"manager","IT","0.0","2025-03-27 10:51:21","7","2025-03-26 09:51:21","2.9","0"
"manager","HR","0.6","2025-03-24 17:10:15","1","2025-03-23 11:10:15","2.0","1"
"admin","IT","5.3","2025-03-20 18:49:04","2","2025-03-20 05:49:04","4.4","1"
"admin","IT","4.5","2025-03-23 06:10:16","10","2025-03-21 21:10:16","1.5","1"
"admin","Finance","5.0","2025-03-05 06:27:10","9","2025-03-04 00:27:10","0.4","1"
"manager","HR","5.0","2025-03-25 14:15:42","10","2025-03-25 04:15:42","3.9","0"
"employee","HR","2.7","2025-03-29 05:02:48","10","2025-03-28 17:02:48","0.3","0"
"admin","HR","4.0","2025-03-03 01:29:03","4","2025-03-01 07:29:03","4.8","1"
"admin","Finance","7.2","2025-03-27 06:35:42","1","2025-03-25 13:35:42","2.8","1"
"admin","Finance","1.1","2025-03-18 16:06:48","8","2025-03-18 05:06:48","1.4","1"
"employee","Operations","6.8","2025-03-20 23:39:56","10","2025-03-20 08:39:56","2.6","0"
"admin","Operations","6.0","2025-03-02 20:47:32","3","2025-03-01 06:47:32","1.2","1"
"admin","Operations","3.8","2025-03-23 09:55:59","3","2025-03-23 06:55:59","0.7","1"
"employee","IT","2.5","2025-03-20 13:04:18","3","2025-03-19 22:04:18","2.9","0"
"employee","Operations","6.2","2025-03-20 12:30:40","3","2025-03-19 12:30:40","0.6","1"
"employee","IT","1.2","2025-03-15 14:20:48","5","2025-03-13 20:20:48","2.9","0"
"admin","Finance","4.1","2025-03-10 19:11:51","2","2025-03-09 11:11:51","2.0","1"
"admin","HR","3.4","2025-03-14 14:22:53","2","2025-03-14 10:22:53","0.3","1"
"manager","IT","7.6","2025-03-15 09:48:48","5","2025-03-13 15:48:48","3.0","0"
"employee","HR","5.1","2025-03-23 06:54:22","4","2025-03-21 07:54:22","1.8","0"
"employee","Operations","1.5","2025-03-15 22:00:53","4","2025-03-14 17:00:53","0.8","0"
"employee","HR","0.6","2025-03-28 01:22:59","8","2025-03-27 02:22:59","2.0","0"
"manager","IT","6.4","2025-03-10 02:52:08","7","2025-03-08 17:52:08","3.0","0"
"manager","IT","4.0","2025-03-24 22:41:32","4","2025-03-24 17:41:32","4.0","1"
"admin","Finance","4.8","2025-03-15 14:48:40","4","2025-03-14 15:48:40","1.1","1"
"employee","IT","3.8","2025-03-09 10:30:42","3","2025-03-08 11:30:42","2.4","1"
"manager","IT","7.3","2025-03-15 07:41:17","7","2025-03-13 21:41:17","4.2","0"
"manager","Operations","2.1","2025-03-30 22:21:21","2","2025-03-29 22:21:21","3.1","0"
"employee","HR","5.7","2025-03-06 22:30:09","10","2025-03-05 13:30:09","4.5","0"
"admin","IT","5.9","2025-03-30 23:02:24","4","2025-03-30 16:02:24","0.5","1"
"admin","Operations","2.8","2025-03-27 10:11:40","5","2025-03-27 04:11:40","3.7","1"
"manager","Operations","8.0","2025-03-20 04:23:34","9","2025-03-20 03:23:34","1.0","0"
"employee","HR","4.4","2025-03-23 09:19:04","5","2025-03-22 15:19:04","0.3","0"
"manager","HR","6.2","2025-03-17 10:19:00","10","2025-03-15 14:19:00","3.2","0"
"manager","IT","1.6","2025-03-16 18:29:45","1","2025-03-15 13:29:45","1.7","0"
"admin","IT","9.7","2025-03-17 21:04:28","5","2025-03-16 09:04:28","0.3","1"
"employee","Operations","3.2","2025-03-23 20:32:05","6","2025-03-23 11:32:05","1.3","0"
"employee","IT","7.4","2025-03-19 22:05:25","4","2025-03-19 02:05:25","0.1","1"
"employee","Operations","4.1","2025-03-29 04:45:00","9","2025-03-28 16:45:00","0.2","0"
"admin","Finance","1.1","2025-03-30 21:18:36","6","2025-03-30 02:18:36","4.7","1"
"admin","HR","9.0","2025-03-11 14:57:53","2","2025-03-10 11:57:53","2.7","1"
"admin","IT","5.2","2025-03-02 01:31:11","2","2025-03-01 18:31:11","1.8","1"
"manager","IT","8.6","2025-03-06 06:08:34","5","2025-03-05 10:08:34","1.1","0"
"admin","Operations","2.7","2025-03-17 19:21:52","4","2025-03-15 20:21:52","2.6","1"
"admin","Finance","2.1","2025-03-17 21:25:58","3","2025-03-17 01:25:58","0.5","1"
"admin","Operations","5.2","2025-03-07 10:09:22","1","2025-03-05 10:09:22","2.4","1"
"admin","HR","8.1","2025-03-15 06:01:51","1","2025-03-13 06:01:51","1.9","1"
"employee","HR","1.1","2025-03-19 02:43:01","4","2025-03-18 18:43:01","4.5","0"
"admin","Finance","9.1","2025-03-18 10:52:09","7","2025-03-17 23:52:09","4.9","1"
"admin","Operations","4.4","2025-03-18 15:53:31","2","2025-03-16 21:53:31","3.8","1"
"employee","HR","9.3","2025-03-16 09:28:17","8","2025-03-16 07:28:17","0.2","0"
"manager","Operations","8.7","2025-03-08 04:20:42","9","2025-03-07 20:20:42","3.0","0"
"admin","IT","6.5","2025-03-13 11:49:33","8","2025-03-12 02:49:33","3.6","1"
"employee","IT","8.7","2025-03-16 01:42:00","1","2025-03-15 23:42:00","0.4","1"
"employee","Operations","1.8","2025-03-13 00:06:24","8","2025-03-11 18:06:24","2.6","0"
"manager","IT","6.5","2025-03-09 15:47:32","3","2025-03-09 07:47:32","4.9","1"
"manager","Finance","1.7","2025-03-11 21:23:30","5","2025-03-09 23:23:30","0.7","0"
"employee","Finance","6.5","2025-03-06 12:50:38","5","2025-03-04 18:50:38","4.2","0"
"employee","Finance","8.4","2025-03-07 21:35:03","9","2025-03-06 15:35:03","1.3","0"
"employee","IT","8.6","2025-03-01 04:24:00","10","2025-02-28 12:24:00","4.0","0"
"admin","IT","3.0","2025-03-05 05:52:18","10","2025-03-03 22:52:18","1.5","1"
"manager","Finance","0.1","2025-03-14 15:59:32","3","2025-03-14 15:59:32","1.0","1"
"employee","Finance","8.8","2025-03-26 02:11:52","8","2025-03-24 03:11:52","3.4","0"
"manager","Finance","9.2","2025-03-19 18:56:24","5","2025-03-19 12:56:24","0.4","0"
"employee","Finance","9.6","2025-03-21 16:54:45","6","2025-03-20 04:54:45","3.9","0"
"manager","Operations","5.9","2025-03-09 02:19:56","8","2025-03-07 16:19:56","3.6","0"
"admin","IT","6.8","2025-03-10 01:37:27","5","2025-03-08 07:37:27","5.0","1"
"manager","Operations","5.1","2025-03-20 09:41:10","8","2025-03-19 18:41:10","2.3","0"
"admin","Operations","5.4","2025-03-09 05:24:01","1","2025-03-08 18:24:01","3.2","1"
"manager","HR","7.3","2025-03-05 11:55:55","3","2025-03-04 02:55:55","1.4","1"
"admin","HR","9.6","2025-03-04 22:46:46","4","2025-03-04 04:46:46","3.8","1"
"employee","Finance","1.5","2025-03-22 15:19:39","4","2025-03-20 16:19:39","4.9","0"
"manager","Operations","8.2","2025-03-07 00:17:08","7","2025-03-06 15:17:08","4.2","0"
"employee","Operations","2.0","2025-03-08 20:11:50","4","2025-03-06 21:11:50","1.0","0"
"admin","HR","3.7","2025-03-07 01:36:33","10","2025-03-05 03:36:33","2.7","1"
"employee","Operations","9.0","2025-03-11 12:12:32","7","2025-03-10 12:12:32","4.1","0"
"employee","IT","1.5","2025-03-12 09:42:46","2","2025-03-11 08:42:46","0.7","1"
"employee","HR","9.3","2025-03-05 09:45:30","10","2025-03-03 09:45:30","2.0","0"
"manager","HR","1.6","2025-03-08 10:47:23","5","2025-03-06 21:47:23","2.9","0"
"manager","IT","4.0","2025-03-16 08:59:20","9","2025-03-15 22:59:20","4.9","0"
"admin","IT","3.0","2025-03-21 13:13:42","8","2025-03-19 16:13:42","1.0","1"
"admin","Finance","5.7","2025-03-29 14:59:41","6","2025-03-28 10:59:41","2.1","1"
"employee","HR","9.1","2025-03-01 08:18:41","6","2025-02-28 20:18:41","4.6","0"
"employee","HR","4.9","2025-03-02 03:20:30","4","2025-02-28 09:20:30","0.8","0"
"manager","Operations","10.0","2025-03-08 09:10:17","5","2025-03-07 03:10:17","4.7","0"
"employee","HR","8.6","2025-03-01 19:50:01","2","2025-02-28 00:50:01","3.1","0"
"manager","Operations","5.5","2025-03-15 18:41:43","9","2025-03-14 08:41:43","0.8","0"
"employee","Operations","7.8","2025-03-22 09:57:21","6","2025-03-21 11:57:21","1.1","0"
"employee","IT","8.4","2025-03-04 23:48:53","4","2025-03-04 11:48:53","0.3","1"
"admin","HR","8.1","2025-03-22 22:03:27","3","2025-03-22 18:03:27","2.8","1"
"admin","IT","3.2","2025-03-24 00:13:45","10","2025-03-23 08:13:45","0.8","1"
"manager","HR","7.5","2025-03-23 07:17:58","2","2025-03-23 07:17:58","2.5","0"
"admin","Operations","2.0","2025-03-08 17:07:19","9","2025-03-08 02:07:19","2.0","1"
"admin","Finance","0.9","2025-03-05 02:27:04","2","2025-03-04 07:27:04","1.6","1"
"manager","Finance","2.3","2025-03-06 08:31:34","6","2025-03-06 06:31:34","1.0","0"
"admin","Finance","2.2","2025-03-14 10:39:07","8","2025-03-12 12:39:07","0.3","1"
"admin","IT","5.9","2025-03-16 00:28:29","10","2025-03-15 09:28:29","3.4","1"
"employee","Operations","7.2","2025-03-19 09:30:06","10","2025-03-18 22:30:06","2.3","0"
"manager","Finance","4.9","2025-03-01 16:20:02","4","2025-02-28 11:20:02","0.1","0"
"employee","Operations","0.3","2025-03-01 18:03:48","5","2025-02-28 14:03:48","2.0","0"
"manager","Operations","2.2","2025-03-12 09:14:08","8","2025-03-12 08:14:08","4.2","0"
"employee","Finance","2.4","2025-03-08 14:24:06","5","2025-03-07 20:24:06","2.3","0"
"manager","IT","1.2","2025-03-21 03:10:58","3","2025-03-19 20:10:58","2.0","0"
"manager","IT","5.8","2025-03-27 07:09:34","6","2025-03-26 08:09:34","1.7","0"
"admin","Operations","1.1","2025-03-29 19:20:21","3","2025-03-28 06:20:21","4.9","1"
"manager","Operations","7.2","2025-03-26 02:24:13","6","2025-03-24 13:24:13","5.0","0"
"admin","Finance","2.0","2025-03-13 12:48:13","4","2025-03-13 09:48:13","0.9","1"
"employee","Operations","3.5","2025-03-24 07:17:45","1","2025-03-23 05:17:45","0.8","0"
"employee","IT","8.2","2025-03-16 14:25:24","4","2025-03-14 20:25:24","4.8","1"
"manager","Finance","4.0","2025-03-17 23:48:49","8","2025-03-17 00:48:49","3.0","0"
"admin","IT","3.8","2025-03-29 03:14:49","7","2025-03-27 07:14:49","4.1","1"
"admin","IT","9.4","2025-03-17 20:22:56","9","2025-03-16 07:22:56","4.7","1"
"admin","HR","5.2","2025-03-29 16:44:20","7","2025-03-27 20:44:20","0.3","1"
"manager","IT","9.9","2025-03-21 11:33:01","5","2025-03-20 03:33:01","5.0","0"
"employee","Finance","7.2","2025-03-10 06:32:12","7","2025-03-08 07:32:12","0.4","0"
"employee","Operations","2.1","2025-03-20 00:51:05","2","2025-03-18 01:51:05","4.7","0"
"employee","Operations","5.1","2025-03-24 20:19:31","5","2025-03-22 21:19:31","3.7","0"
"manager","Operations","4.3","2025-03-06 10:06:13","8","2025-03-05 23:06:13","3.8","0"
"employee","Operations","0.9","2025-03-10 20:25:05","5","2025-03-10 08:25:05","0.9","0"
"manager","IT","6.7","2025-03-02 11:36:36","1","2025-03-01 14:36:36","4.1","1"
"manager","Finance","0.9","2025-03-19 15:38:24","6","2025-03-18 05:38:24","3.3","0"
"employee","IT","5.8","2025-03-04 06:36:38","1","2025-03-03 20:36:38","0.5","1"
"manager","HR","2.6","2025-03-05 22:59:10","5","2025-03-04 01:59:10","4.6","0"
"employee","HR","2.9","2025-03-27 19:42:31","7","2025-03-27 17:42:31","2.8","0"
"employee","IT","1.1","2025-03-18 17:00:17","7","2025-03-18 08:00:17","0.7","0"
"manager","HR","8.1","2025-03-08 06:39:54","4","2025-03-06 13:39:54","2.0","0"
"employee","HR","2.4","2025-03-30 11:10:56","3","2025-03-29 08:10:56","2.5","0"
"employee","Operations","7.0","2025-03-25 22:25:41","8","2025-03-25 17:25:41","1.8","0"
"manager","IT","1.7","2025-03-08 09:16:06","3","2025-03-06 11:16:06","1.8","1"
"employee","IT","8.6","2025-03-14 08:29:05","10","2025-03-12 17:29:05","4.1","0"
"employee","HR","4.6","2025-03-21 13:38:42","8","2025-03-19 22:38:42","4.8","0"
"manager","IT","3.2","2025-03-01 13:46:35","4","2025-03-01 02:46:35","1.3","1"
"employee","IT","5.1","2025-03-23 00:39:42","10","2025-03-22 02:39:42","3.8","0"
"admin","Finance","5.1","2025-03-04 04:31:13","8","2025-03-03 20:31:13","0.5","1"
"admin","Finance","2.4","2025-03-07 04:45:02","6","2025-03-06 16:45:02","3.1","1"
"manager","HR","1.9","2025-03-29 17:55:01","7","2025-03-28 16:55:01","0.9","0"
"employee","IT","4.4","2025-03-04 08:28:29","7","2025-03-02 20:28:29","3.1","0"
"admin","IT","2.5","2025-03-24 06:37:56","4","2025-03-23 06:37:56","1.5","1"
"admin","IT","4.7","2025-03-02 10:17:32","9","2025-02-28 11:17:32","1.9","1"
"admin","Finance","9.1","2025-03-13 20:03:01","1","2025-03-12 05:03:01","1.4","1"
"manager","Finance","5.9","2025-03-05 07:48:30","1","2025-03-03 11:48:30","4.1","0"
"admin","HR","2.6","2025-03-04 09:32:27","4","2025-03-02 14:32:27","3.1","1"
"manager","Operations","9.0","2025-03-25 00:47:44","6","2025-03-23 07:47:44","0.7","0"
"employee","Finance","0.4","2025-03-09 05:04:37","1","2025-03-08 23:04:37","2.3","0"
"employee","HR","7.9","2025-03-12 01:46:12","3","2025-03-12 01:46:12","2.4","0"
"admin","IT","1.2","2025-03-08 09:09:47","6","2025-03-07 19:09:47","3.1","1"
"admin","Operations","2.7","2025-03-04 23:05:57","2","2025-03-03 18:05:57","4.5","1"
"admin","IT","1.0","2025-03-19 13:48:10","8","2025-03-17 19:48:10","2.4","1"
"admin","HR","4.4","2025-03-17 13:35:47","3","2025-03-16 07:35:47","2.2","1"
"employee","HR","2.6","2025-03-15 01:08:44","4","2025-03-14 03:08:44","3.4","0"
"employee","IT","5.5","2025-03-10 04:58:13","2","2025-03-08 23:58:13","4.0","1"
"manager","HR","5.1","2025-03-13 05:35:02","3","2025-03-11 11:35:02","0.9","0"
"admin","IT","8.7","2025-03-11 05:09:25","4","2025-03-10 15:09:25","4.7","1"
"employee","Operations","8.5","2025-03-25 12:36:45","6","2025-03-24 14:36:45","3.2","0"
"manager","IT","8.6","2025-03-21 10:34:45","3","2025-03-20 05:34:45","3.9","1"
"employee","Operations","5.1","2025-03-22 14:03:57","10","2025-03-22 04:03:57","5.0","0"
"admin","Operations","2.6","2025-03-12 12:15:55","6","2025-03-10 23:15:55","2.6","1"
"employee","Operations","5.5","2025-03-15 03:04:12","3","2025-03-13 15:04:12","3.9","0"
"admin","IT","1.4","2025-03-08 11:18:35","10","2025-03-07 00:18:35","1.0","1"
"admin","HR","0.7","2025-03-02 22:11:13","10","2025-03-01 13:11:13","3.7","1"
"employee","Operations","5.3","2025-03-19 21:53:50","10","2025-03-19 07:53:50","1.8","0"
"employee","IT","5.9","2025-03-11 14:55:08","5","2025-03-10 02:55:08","4.9","0"
"manager","Operations","9.2","2025-03-12 15:04:16","5","2025-03-11 14:04:16","1.6","0"
"manager","Operations","7.3","2025-03-08 08:29:16","3","2025-03-07 10:29:16","3.6","0"
"admin","IT","0.1","2025-03-23 16:11:00","5","2025-03-23 05:11:00","4.8","1"
"admin","HR","7.7","2025-03-02 13:41:41","8","2025-03-02 01:41:41","0.1","1"
"employee","IT","8.1","2025-03-11 13:05:34","5","2025-03-09 13:05:34","1.2","0"
"manager","HR","2.1","2025-03-20 07:20:45","1","2025-03-19 12:20:45","4.1","0"
"manager","Finance","1.7","2025-03-12 05:18:03","9","2025-03-12 01:18:03","0.7","0"
"employee","Finance","4.9","2025-03-27 15:15:06","3","2025-03-27 14:15:06","4.1","1"
"employee","HR","8.5","2025-03-11 07:49:40","6","2025-03-11 02:49:40","1.6","0"
"admin","Operations","2.4","2025-03-14 23:47:17","1","2025-03-13 01:47:17","3.7","1"
"manager","HR","1.6","2025-03-26 12:28:56","2","2025-03-25 05:28:56","1.1","1"
"admin","Finance","2.0","2025-03-16 15:29:02","4","2025-03-15 22:29:02","1.6","1"
"manager","Finance","4.2","2025-03-29 11:31:42","5","2025-03-28 19:31:42","3.3","0"
"admin","Operations","7.3","2025-03-25 20:37:15","3","2025-03-23 22:37:15","4.5","1"
"manager","Operations","0.3","2025-03-30 21:12:14","1","2025-03-29 14:12:14","3.0","0"
"admin","IT","1.3","2025-03-22 16:11:17","7","2025-03-21 02:11:17","4.3","1"
"admin","Operations","6.0","2025-03-26 16:38:37","4","2025-03-25 06:38:37","1.4","1"
"admin","Finance","8.7","2025-03-28 06:22:34","7","2025-03-27 02:22:34","1.3","1"
"manager","IT","6.3","2025-03-02 14:29:19","10","2025-02-28 19:29:19","2.0","0"
"admin","Finance","5.8","2025-03-20 05:58:30","6","2025-03-19 11:58:30","4.0","1"
"manager","HR","8.7","2025-03-08 00:50:09","6","2025-03-06 14:50:09","0.6","0"
"admin","Finance","4.5","2025-03-30 03:10:51","1","2025-03-29 04:10:51","2.3","1"
"admin","Operations","8.3","2025-03-14 04:47:33","1","2025-03-13 22:47:33","3.0","1"
"manager","Operations","3.4","2025-03-16 03:38:12","5","2025-03-15 14:38:12","4.3","0"
"manager","Finance","9.2","2025-03-08 23:18:47","4","2025-03-08 09:18:47","0.5","0"
"manager","Operations","7.0","2025-03-15 12:11:34","10","2025-03-14 01:11:34","0.8","0"
"admin","IT","9.2","2025-03-04 04:07:34","3","2025-03-02 11:07:34","4.9","1"
"admin","Operations","0.4","2025-03-12 20:12:38","2","2025-03-12 02:12:38","4.8","1"
"admin","HR","5.9","2025-03-26 19:12:47","2","2025-03-26 16:12:47","2.2","1"
"admin","HR","2.1","2025-03-02 20:18:15","9","2025-03-02 19:18:15","3.6","1"
"employee","Finance","9.4","2025-03-25 20:52:49","1","2025-03-25 02:52:49","3.4","0"
"manager","Operations","9.6","2025-03-05 04:11:23","9","2025-03-04 17:11:23","0.8","0"
"employee","Operations","3.5","2025-03-11 18:38:58","2","2025-03-09 20:38:58","1.8","0"
"admin","Finance","9.7","2025-03-17 07:53:20","9","2025-03-15 09:53:20","3.1","1"
"admin","Operations","4.1","2025-03-24 12:03:57","3","2025-03-23 02:03:57","3.7","1"
"admin","Operations","0.6","2025-03-17 13:38:02","3","2025-03-16 23:38:02","0.3","1"
"manager","Operations","1.8","2025-03-07 05:51:53","6","2025-03-06 14:51:53","4.4","0"
"employee","Operations","2.9","2025-03-02 05:04:36","6","2025-02-28 14:04:36","1.1","0"
"employee","Finance","7.0","2025-03-05 06:29:07","4","2025-03-04 18:29:07","3.3","0"
"employee","IT","9.5","2025-03-02 20:48:30","7","2025-03-02 06:48:30","1.4","0"
"admin","Finance","3.9","2025-03-06 19:56:05","6","2025-03-05 15:56:05","4.5","1"
"admin","IT","3.5","2025-03-17 01:19:52","9","2025-03-17 01:19:52","2.7","1"
"employee","Operations","9.7","2025-03-14 08:16:44","1","2025-03-14 08:16:44","1.5","0"
"employee","Finance","4.6","2025-03-29 15:44:05","7","2025-03-28 05:44:05","3.5","0"
"manager","IT","6.3","2025-03-19 19:28:33","1","2025-03-18 06:28:33","3.7","1"
"employee","Operations","2.0","2025-03-14 19:24:10","5","2025-03-14 15:24:10","1.0","0"
"employee","Operations","4.3","2025-03-07 13:56:55","8","2025-03-05 14:56:55","4.4","0"
"manager","Finance","7.5","2025-03-22 04:51:39","2","2025-03-22 02:51:39","3.1","0"
"employee","Finance","8.0","2025-03-26 13:28:15","5","2025-03-25 23:28:15","3.2","0"
"employee","HR","1.8","2025-03-04 19:23:40","7","2025-03-03 16:23:40","1.4","0"
"admin","Operations","1.9","2025-03-27 21:56:32","9","2025-03-27 01:56:32","4.4","1"
"manager","HR","3.3","2025-03-10 15:34:50","5","2025-03-09 23:34:50","3.9","0"
"manager","Operations","3.3","2025-03-21 08:53:59","9","2025-03-20 07:53:59","3.7","0"
"admin","IT","5.3","2025-03-23 10:42:45","2","2025-03-21 19:42:45","0.3","1"
"employee","Finance","2.3","2025-03-13 15:03:34","10","2025-03-12 10:03:34","3.2","0"
"admin","HR","5.4","2025-03-12 12:24:27","1","2025-03-10 17:24:27","4.7","1"
"manager","Finance","6.5","2025-03-06 03:17:14","3","2025-03-04 20:17:14","0.2","0"
"manager","IT","4.8","2025-03-12 20:06:09","10","2025-03-10 22:06:09","2.4","0"
"admin","IT","1.7","2025-03-07 05:07:58","7","2025-03-06 02:07:58","2.6","1"
"admin","IT","4.9","2025-03-06 00:46:40","2","2025-03-04 23:46:40","3.2","1"
"employee","Operations","6.4","2025-03-22 12:46:31","2","2025-03-22 07:46:31","4.2","1"
"admin","HR","8.2","2025-03-21 06:45:49","3","2025-03-21 00:45:49","4.2","1"
"admin","HR","1.7","2025-03-23 11:20:57","9","2025-03-23 07:20:57","2.0","1"
"employee","HR","7.3","2025-03-25 01:56:13","1","2025-03-24 17:56:13","3.3","0"
"admin","Operations","7.0","2025-03-28 22:36:12","5","2025-03-27 16:36:12","1.4","1"
"employee","Finance","7.3","2025-03-20 19:32:06","7","2025-03-19 07:32:06","2.4","0"
"admin","HR","2.5","2025-03-10 12:46:33","10","2025-03-09 16:46:33","0.5","1"
"admin","HR","9.5","2025-03-23 09:21:56","1","2025-03-23 07:21:56","0.1","1"
"admin","Operations","2.5","2025-03-19 03:51:38","9","2025-03-17 07:51:38","0.7","1"
"employee","Operations","4.0","2025-03-01 10:14:21","9","2025-02-28 06:14:21","2.2","0"
"employee","Finance","2.0","2025-03-01 21:33:34","9","2025-02-27 23:33:34","2.1","0"
"employee","Finance","6.3","2025-03-14 16:09:10","6","2025-03-13 21:09:10","1.1","1"
"admin","Operations","1.1","2025-03-13 13:01:54","10","2025-03-12 11:01:54","2.4","1"
"employee","Finance","3.9","2025-03-18 20:06:06","3","2025-03-18 08:06:06","3.4","0"
"manager","HR","7.4","2025-03-06 02:08:23","1","2025-03-05 19:08:23","0.5","0"
"employee","HR","8.3","2025-03-06 02:48:32","7","2025-03-04 02:48:32","1.8","0"
"admin","IT","9.0","2025-03-27 07:35:10","8","2025-03-26 07:35:10","0.3","1"
"admin","Operations","5.0","2025-03-13 11:48:23","5","2025-03-12 17:48:23","1.9","1"
"manager","Operations","4.2","2025-03-19 20:55:44","2","2025-03-19 10:55:44","2.9","0"
"employee","Operations","3.3","2025-03-04 20:10:39","7","2025-03-03 21:10:39","1.9","0"
"manager","HR","6.9","2025-03-22 12:24:12","1","2025-03-21 02:24:12","0.9","1"
"admin","IT","7.4","2025-03-12 03:57:24","3","2025-03-11 20:57:24","1.1","1"
"manager","HR","6.5","2025-03-22 11:49:12","5","2025-03-20 13:49:12","5.0","0"
"admin","IT","2.2","2025-03-07 20:39:14","8","2025-03-06 16:39:14","1.9","1"
"admin","IT","0.7","2025-03-23 11:59:05","10","2025-03-21 15:59:05","3.2","1"
"admin","HR","7.8","2025-03-13 02:46:26","5","2025-03-11 02:46:26","3.4","1"
"employee","IT","10.0","2025-03-03 16:25:18","6","2025-03-02 19:25:18","0.2","1"
"manager","HR","7.7","2025-03-22 04:51:22","7","2025-03-21 17:51:22","2.8","0"
"employee","HR","3.5","2025-03-08 00:06:00","5","2025-03-07 00:06:00","3.9","0"
"admin","HR","2.3","2025-03-25 19:57:34","6","2025-03-24 06:57:34","1.0","1"
"employee","HR","4.4","2025-03-25 12:44:20","8","2025-03-24 20:44:20","3.9","0"
"admin","IT","0.7","2025-03-22 02:17:48","3","2025-03-21 05:17:48","4.8","1"
"manager","Finance","1.6","2025-03-20 12:12:03","7","2025-03-19 13:12:03","0.8","0"
"admin","Finance","9.8","2025-03-09 08:45:34","10","2025-03-08 08:45:34","1.5","1"
"manager","Operations","8.2","2025-03-22 22:26:04","10","2025-03-22 09:26:04","4.5","0"
"admin","Finance","2.5","2025-03-11 12:30:27","1","2025-03-10 05:30:27","2.9","1"
"manager","Operations","3.7","2025-03-12 12:08:24","6","2025-03-12 04:08:24","1.0","1"
"manager","Finance","8.0","2025-03-13 22:32:44","9","2025-03-13 09:32:44","2.0","0"
"manager","IT","2.6","2025-03-25 06:48:18","9","2025-03-23 06:48:18","3.3","0"
"admin","Finance","3.4","2025-03-07 22:14:25","6","2025-03-07 13:14:25","4.7","1"
"admin","HR","4.9","2025-03-15 16:23:19","9","2025-03-14 04:23:19","2.3","1"
"employee","Finance","2.5","2025-03-27 03:31:44","4","2025-03-26 18:31:44","2.7","0"
"admin","IT","9.9","2025-03-09 01:33:02","9","2025-03-07 20:33:02","0.4","1"
"admin","HR","8.4","2025-03-24 19:39:05","9","2025-03-24 12:39:05","4.9","1"
"admin","Finance","6.4","2025-03-21 11:58:36","9","2025-03-21 01:58:36","0.8","1"
"admin","Operations","5.3","2025-03-30 05:22:35","2","2025-03-28 11:22:35","0.8","1"
"admin","Finance","7.6","2025-03-02 03:41:30","3","2025-03-01 19:41:30","2.0","1"
"admin","HR","7.7","2025-03-22 12:29:22","1","2025-03-22 09:29:22","2.8","1"
"admin","Operations","0.3","2025-03-15 20:40:51","3","2025-03-14 22:40:51","1.5","1"
"admin","Finance","7.2","2025-03-22 11:04:29","1","2025-03-21 02:04:29","3.7","1"
"employee","IT","4.2","2025-03-19 22:56:07","7","2025-03-19 08:56:07","2.1","0"
"admin","Operations","8.9","2025-03-27 23:02:16","9","2025-03-27 00:02:16","0.5","1"
"admin","HR","5.1","2025-03-28 20:46:25","4","2025-03-27 13:46:25","2.0","1"
"admin","IT","10.0","2025-03-06 08:26:16","9","2025-03-05 05:26:16","2.5","1"
"employee","Finance","9.5","2025-03-25 08:43:21","2","2025-03-23 17:43:21","4.7","0"
"admin","Operations","3.1","2025-03-28 11:00:08","3","2025-03-27 02:00:08","2.3","1"
"employee","Operations","4.1","2025-03-15 10:12:16","8","2025-03-14 22:12:16","4.7","0"
"employee","HR","2.0","2025-03-11 23:46:11","9","2025-03-10 06:46:11","1.6","0"
"manager","HR","4.7","2025-03-20 00:02:55","6","2025-03-19 16:02:55","2.5","0"
"manager","IT","8.1","2025-03-20 18:36:32","2","2025-03-20 06:36:32","3.7","1"
"admin","Finance","4.2","2025-03-21 01:01:25","2","2025-03-20 02:01:25","4.4","1"
"admin","HR","7.8","2025-03-21 19:01:05","2","2025-03-20 10:01:05","5.0","1"
"manager","Operations","6.1","2025-03-18 21:12:42","2","2025-03-18 04:12:42","4.3","0"
"admin","HR","1.2","2025-03-07 08:06:40","8","2025-03-05 10:06:40","3.8","1"
"manager","Operations","1.3","2025-03-23 22:26:06","1","2025-03-23 09:26:06","0.8","0"
"admin","Operations","2.3","2025-03-04 10:56:04","5","2025-03-03 13:56:04","1.1","1"
"manager","HR","9.7","2025-03-16 05:22:08","7","2025-03-15 01:22:08","0.5","0"
"employee","Finance","0.9","2025-03-23 22:15:04","6","2025-03-23 12:15:04","1.7","0"
"employee","IT","6.9","2025-03-16 02:24:47","9","2025-03-14 21:24:47","2.0","0"
"manager","HR","6.2","2025-03-10 20:22:53","8","2025-03-10 17:22:53","3.3","0"
"admin","IT","9.3","2025-03-09 10:21:05","10","2025-03-09 06:21:05","1.5","1"
"manager","Finance","4.8","2025-03-21 13:30:48","10","2025-03-21 08:30:48","5.0","0"
"manager","IT","9.0","2025-03-27 16:49:05","5","2025-03-27 03:49:05","4.8","0"
"admin","Finance","3.7","2025-03-16 23:33:18","2","2025-03-16 06:33:18","3.1","1"
"manager","Operations","8.0","2025-03-27 16:56:51","8","2025-03-25 22:56:51","0.3","0"
"employee","Operations","4.1","2025-03-30 12:30:50","1","2025-03-30 03:30:50","4.1","1"
"employee","Finance","8.8","2025-03-22 16:40:33","4","2025-03-22 09:40:33","4.7","0"
"employee","Operations","4.6","2025-03-03 18:53:20","10","2025-03-03 01:53:20","3.8","0"
"manager","IT","5.6","2025-03-15 04:29:28","6","2025-03-13 21:29:28","4.8","0"
"manager","Finance","6.8","2025-03-12 13:56:22","1","2025-03-11 22:56:22","1.9","1"
"manager","Finance","0.1","2025-03-08 21:19:01","7","2025-03-07 01:19:01","0.2","0"
"employee","Operations","7.1","2025-03-04 15:03:44","9","2025-03-03 03:03:44","2.6","0"
"admin","IT","7.5","2025-03-12 00:12:26","1","2025-03-10 20:12:26","4.0","1"
"manager","Operations","5.0","2025-03-22 23:01:35","5","2025-03-22 03:01:35","3.3","0"
"admin","HR","0.9","2025-03-02 05:21:41","6","2025-03-01 04:21:41","1.0","1"
"manager","IT","9.4","2025-03-15 06:28:10","8","2025-03-13 11:28:10","2.2","0"
"admin","Operations","8.8","2025-03-04 08:49:27","4","2025-03-02 12:49:27","1.2","1"
"employee","Finance","6.6","2025-03-19 13:20:15","3","2025-03-19 00:20:15","4.2","0"
"employee","HR","2.4","2025-03-07 18:15:04","2","2025-03-06 08:15:04","4.8","0"
"manager","IT","5.4","2025-03-30 20:42:01","9","2025-03-29 17:42:01","4.3","0"
"manager","Operations","8.0","2025-03-05 00:45:59","6","2025-03-03 17:45:59","2.9","0"
"manager","HR","4.3","2025-03-26 11:58:10","7","2025-03-24 23:58:10","5.0","0"
"admin","Finance","1.4","2025-03-04 04:23:33","8","2025-03-03 05:23:33","4.0","1"
"manager","Finance","6.2","2025-03-02 13:29:22","10","2025-03-01 02:29:22","2.4","0"
"admin","HR","2.2","2025-03-08 19:02:37","5","2025-03-08 01:02:37","1.7","1"
"admin","HR","7.2","2025-03-08 03:27:02","8","2025-03-06 04:27:02","1.1","1"
"employee","Finance","2.1","2025-03-29 11:28:44","9","2025-03-27 18:28:44","3.8","0"
"manager","IT","0.0","2025-03-15 06:59:35","4","2025-03-13 10:59:35","3.4","0"
"admin","Finance","1.1","2025-03-02 14:16:19","4","2025-02-28 20:16:19","1.5","1"
"employee","Finance","4.2","2025-03-30 16:32:22","8","2025-03-29 00:32:22","2.4","0"
"manager","Finance","9.0","2025-03-01 08:49:50","8","2025-02-27 14:49:50","0.6","0"
"manager","HR","9.2","2025-03-20 20:33:27","9","2025-03-19 05:33:27","1.7","0"
"admin","Operations","6.8","2025-03-13 03:40:11","8","2025-03-11 13:40:11","3.6","1"
"manager","Finance","0.4","2025-03-24 13:20:57","8","2025-03-23 08:20:57","4.4","0"
"admin","Operations","8.3","2025-03-29 23:43:41","3","2025-03-29 14:43:41","3.9","1"
"manager","Operations","7.8","2025-03-17 07:17:44","5","2025-03-15 17:17:44","1.1","0"
"employee","IT","5.1","2025-03-13 01:39:56","7","2025-03-12 21:39:56","4.6","0"
"employee","Finance","3.6","2025-03-18 23:22:24","3","2025-03-17 06:22:24","3.6","0"
"admin","HR","1.0","2025-03-25 11:25:17","6","2025-03-24 17:25:17","2.4","1"
"admin","Operations","4.7","2025-03-24 16:22:31","2","2025-03-22 19:22:31","0.4","1"
"manager","Finance","5.7","2025-03-26 13:43:20","10","2025-03-25 04:43:20","3.4","0"
"admin","HR","2.8","2025-03-06 14:24:43","6","2025-03-06 06:24:43","3.1","1"
"employee","IT","9.2","2025-03-04 08:40:02","4","2025-03-02 19:40:02","3.1","1"
"employee","Finance","3.0","2025-03-21 03:09:27","5","2025-03-20 15:09:27","4.0","0"
"manager","Finance","2.1","2025-03-09 11:51:57","9","2025-03-08 03:51:57","4.0","0"
"admin","IT","9.6","2025-03-11 09:43:49","2","2025-03-10 07:43:49","4.6","1"
"manager","IT","4.8","2025-03-19 14:28:42","7","2025-03-18 08:28:42","2.4","0"
"employee","HR","3.6","2025-03-08 00:29:45","4","2025-03-07 16:29:45","1.4","0"
"admin","Finance","6.4","2025-03-26 02:29:18","9","2025-03-25 20:29:18","1.8","1"
"employee","Finance","6.2","2025-03-04 04:39:24","5","2025-03-04 04:39:24","3.7","0"
"admin","IT","0.3","2025-03-14 11:53:01","4","2025-03-12 19:53:01","4.6","1"
"employee","Finance","6.6","2025-03-24 08:28:11","4","2025-03-23 06:28:11","3.0","0"
"employee","Finance","2.8","2025-03-11 00:45:34","10","2025-03-10 06:45:34","0.8","0"
"employee","Operations","1.4","2025-03-19 06:33:54","5","2025-03-19 04:33:54","4.2","0"
"manager","HR","0.3","2025-03-06 16:06:58","10","2025-03-05 21:06:58","0.6","0"
"admin","HR","9.5","2025-03-17 20:47:47","4","2025-03-17 15:47:47","1.4","1"
"employee","HR","5.5","2025-03-10 01:22:01","6","2025-03-08 22:22:01","0.9","0"
"manager","Finance","0.2","2025-03-27 08:47:44","1","2025-03-25 22:47:44","2.6","0"
"admin","HR","1.7","2025-03-15 08:33:44","3","2025-03-13 09:33:44","2.9","1"
"manager","IT","7.1","2025-03-15 05:41:07","3","2025-03-13 10:41:07","4.8","1"
"admin","Finance","7.5","2025-03-27 01:22:31","5","2025-03-26 13:22:31","1.1","1"
"employee","Operations","0.6","2025-03-07 16:42:38","9","2025-03-06 08:42:38","1.7","0"
"manager","Finance","1.9","2025-03-30 18:35:59","7","2025-03-29 08:35:59","0.7","0"
"manager","Finance","0.6","2025-03-07 23:59:29","7","2025-03-07 00:59:29","1.0","0"
"manager","Operations","1.5","2025-03-15 08:22:17","7","2025-03-15 06:22:17","3.2","0"
"manager","IT","7.1","2025-03-18 07:06:35","9","2025-03-17 15:06:35","3.9","0"
"employee","Operations","7.1","2025-03-26 11:38:41","9","2025-03-25 08:38:41","1.5","0"
"manager","Operations","4.4","2025-03-26 19:00:06","8","2025-03-25 15:00:06","3.0","0"
"employee","IT","5.5","2025-03-15 22:48:59","6","2025-03-14 19:48:59","3.5","0"
"employee","Operations","6.0","2025-03-05 07:34:30","10","2025-03-03 12:34:30","1.2","0"
"manager","Finance","6.4","2025-03-17 20:26:11","8","2025-03-15 22:26:11","0.6","0"
"manager","Operations","2.6","2025-03-08 05:00:23","3","2025-03-06 20:00:23","2.9","0"
"employee","IT","5.4","2025-03-07 19:39:41","8","2025-03-05 21:39:41","3.8","0"
"admin","IT","9.1","2025-03-23 00:22:10","8","2025-03-21 20:22:10","4.8","1"
"employee","Operations","9.9","2025-03-02 00:43:39","5","2025-03-01 20:43:39","2.9","0"
"employee","HR","9.2","2025-03-14 12:51:13","3","2025-03-13 03:51:13","1.5","1"
"employee","HR","1.1","2025-03-17 21:13:36","10","2025-03-16 12:13:36","4.9","0"
"employee","Finance","3.7","2025-03-17 18:30:59","7","2025-03-16 09:30:59","4.7","0"
"manager","Operations","0.4","2025-03-29 12:04:00","4","2025-03-28 17:04:00","0.2","1"
"employee","HR","7.1","2025-03-17 06:35:56","9","2025-03-16 09:35:56","3.5","0"
"manager","HR","1.5","2025-03-09 18:53:41","6","2025-03-09 08:53:41","0.1","0"
"employee","IT","8.9","2025-03-02 11:13:44","10","2025-03-01 00:13:44","4.8","0"
"employee","Operations","3.6","2025-03-29 04:11:26","9","2025-03-28 07:11:26","0.6","0"
"employee","IT","1.1","2025-03-28 19:46:35","6","2025-03-28 03:46:35","2.0","1"
"admin","IT","2.2","2025-03-03 01:29:45","7","2025-03-02 12:29:45","0.2","1"
"manager","IT","3.5","2025-03-26 13:13:35","1","2025-03-24 23:13:35","2.8","0"
"admin","IT","6.7","2025-03-18 15:54:06","8","2025-03-17 20:54:06","0.2","1"
"admin","HR","4.2","2025-03-08 04:44:07","10","2025-03-07 12:44:07","2.9","1"
"manager","IT","9.9","2025-03-26 21:04:08","8","2025-03-25 22:04:08","2.0","0"
"employee","Finance","3.6","2025-03-09 00:58:24","3","2025-03-07 04:58:24","4.8","0"
"admin","Finance","3.9","2025-03-16 06:25:06","9","2025-03-14 18:25:06","0.9","1"
"employee","IT","2.8","2025-03-08 01:54:26","5","2025-03-06 13:54:26","4.5","0"
"manager","Operations","2.9","2025-03-30 06:39:50","8","2025-03-28 11:39:50","2.8","0"
"employee","IT","7.8","2025-03-09 21:42:31","8","2025-03-09 08:42:31","1.7","0"
"manager","Operations","1.8","2025-03-27 02:45:14","1","2025-03-25 02:45:14","0.6","0"
"employee","HR","3.0","2025-03-14 10:11:41","8","2025-03-14 09:11:41","4.5","0"
"employee","HR","4.1","2025-03-01 03:42:45","1","2025-02-27 17:42:45","1.1","0"
"admin","Operations","3.3","2025-03-13 20:18:36","3","2025-03-12 03:18:36","1.4","1"
"employee","HR","5.0","2025-03-30 18:00:43","5","2025-03-29 09:00:43","3.0","0"
"manager","Operations","8.7","2025-03-05 21:30:01","5","2025-03-05 19:30:01","3.2","0"
"manager","Finance","9.9","2025-03-17 02:59:11","3","2025-03-16 01:59:11","1.4","0"
"manager","IT","1.5","2025-03-02 12:18:46","5","2025-02-28 15:18:46","2.6","0"
"admin","HR","2.1","2025-03-18 09:18:01","1","2025-03-17 09:18:01","4.7","1"
"employee","Finance","1.9","2025-03-01 10:48:05","6","2025-03-01 10:48:05","2.0","1"
"manager","Operations","5.2","2025-03-19 02:20:53","8","2025-03-17 08:20:53","1.0","0"
"manager","Finance","2.0","2025-03-28 00:31:51","8","2025-03-27 17:31:51","0.9","0"
"admin","Operations","2.9","2025-03-22 15:48:04","3","2025-03-21 19:48:04","1.8","1"
"admin","Finance","2.3","2025-03-14 14:17:23","2","2025-03-14 05:17:23","2.5","1"
"manager","Finance","6.0","2025-03-26 18:36:01","3","2025-03-25 17:36:01","2.3","0"
"employee","Finance","7.7","2025-03-04 09:52:04","4","2025-03-02 21:52:04","2.9","0"
"admin","Finance","6.6","2025-03-29 02:35:31","3","2025-03-28 06:35:31","4.9","1"
"manager","Finance","4.9","2025-03-20 20:00:01","5","2025-03-19 20:00:01","4.9","0"
"employee","IT","3.6","2025-03-29 02:50:33","5","2025-03-27 21:50:33","4.7","0"
"manager","Operations","9.7","2025-03-13 03:31:06","2","2025-03-11 04:31:06","0.9","0"
"employee","Finance","7.4","2025-03-01 01:59:50","5","2025-02-27 04:59:50","2.0","0"
"employee","IT","7.3","2025-03-18 22:06:38","1","2025-03-18 12:06:38","2.1","1"
"admin","Finance","7.4","2025-03-26 03:12:26","4","2025-03-24 05:12:26","4.2","1"
"employee","HR","8.4","2025-03-06 19:47:31","4","2025-03-04 20:47:31","1.8","0"
"manager","IT","3.0","2025-03-10 12:56:36","9","2025-03-09 11:56:36","2.3","0"
"manager","HR","4.5","2025-03-05 23:08:04","5","2025-03-05 03:08:04","4.8","0"
"employee","Finance","2.6","2025-03-11 08:43:03","7","2025-03-09 11:43:03","3.4","0"
"manager","IT","2.8","2025-03-25 09:33:28","1","2025-03-23 09:33:28","3.7","0"
"manager","IT","7.0","2025-03-29 06:05:00","5","2025-03-28 17:05:00","3.3","0"
"manager","Operations","9.7","2025-03-02 03:12:43","1","2025-02-28 07:12:43","4.1","0"
"admin","Finance","3.0","2025-03-21 00:15:51","10","2025-03-21 00:15:51","3.5","1"
"admin","Finance","5.2","2025-03-17 23:13:01","5","2025-03-16 12:13:01","4.0","1"
"employee","HR","9.0","2025-03-29 18:18:07","9","2025-03-28 05:18:07","2.5","0"
"admin","HR","9.3","2025-03-16 21:25:39","8","2025-03-16 04:25:39","0.2","1"
"admin","IT","6.7","2025-03-10 11:26:07","5","2025-03-09 13:26:07","1.3","1"
"employee","IT","10.0","2025-03-01 17:40:04","4","2025-02-28 08:40:04","2.0","1"
"admin","IT","1.2","2025-03-02 14:55:19","4","2025-03-01 10:55:19","0.2","1"
"manager","Finance","3.8","2025-03-30 09:44:10","1","2025-03-30 06:44:10","4.3","1"
"employee","HR","3.7","2025-03-09 03:43:02","5","2025-03-08 03:43:02","2.9","0"
"employee","Finance","5.6","2025-03-25 19:15:27","10","2025-03-24 19:15:27","4.3","0"
"employee","Finance","0.6","2025-03-26 20:57:33","4","2025-03-26 06:57:33","3.1","0"
"admin","Finance","8.5","2025-03-26 14:09:37","1","2025-03-26 04:09:37","3.3","1"
"employee","IT","3.5","2025-03-01 00:47:40","10","2025-02-27 13:47:40","0.9","0"
"manager","IT","6.9","2025-03-24 06:45:15","7","2025-03-22 08:45:15","2.3","0"
"employee","IT","7.9","2025-03-11 03:32:36","2","2025-03-10 14:32:36","1.9","1"
"admin","IT","2.5","2025-03-30 11:26:42","6","2025-03-30 10:26:42","3.8","1"
"employee","Operations","5.0","2025-03-17 23:43:00","5","2025-03-17 09:43:00","4.9","0"
"admin","IT","2.4","2025-03-09 13:55:18","8","2025-03-08 08:55:18","1.9","1"
"employee","HR","6.4","2025-03-04 15:01:22","10","2025-03-03 03:01:22","4.9","0"
"admin","HR","1.5","2025-03-03 01:21:08","4","2025-03-01 03:21:08","2.6","1"
"admin","HR","3.0","2025-03-19 20:27:03","5","2025-03-19 01:27:03","0.8","1"
"manager","Operations","3.2","2025-03-16 09:27:57","3","2025-03-16 02:27:57","1.4","1"
"admin","IT","1.0","2025-03-26 21:30:51","1","2025-03-25 08:30:51","2.3","1"
"admin","Operations","4.6","2025-03-01 01:17:27","8","2025-02-27 11:17:27","0.5","1"
"admin","Finance","1.9","2025-03-20 01:38:36","10","2025-03-19 08:38:36","4.7","1"
"manager","Operations","8.0","2025-03-02 14:16:01","7","2025-03-02 02:16:01","3.0","0"
"admin","Finance","4.9","2025-03-13 00:07:52","6","2025-03-11 12:07:52","4.4","1"
"employee","Operations","4.1","2025-03-26 05:45:02","10","2025-03-25 05:45:02","0.5","0"
"manager","HR","1.7","2025-03-24 12:42:49","2","2025-03-23 20:42:49","1.3","1"
"admin","Operations","1.5","2025-03-22 11:27:38","6","2025-03-20 13:27:38","3.5","1"
"admin","IT","8.8","2025-03-26 21:13:31","10","2025-03-25 10:13:31","1.9","1"
"employee","IT","8.4","2025-03-28 11:21:37","6","2025-03-26 18:21:37","4.6","0"
"employee","IT","8.9","2025-03-20 01:26:21","8","2025-03-19 08:26:21","1.4","0"
"manager","IT","1.2","2025-03-23 04:53:14","1","2025-03-22 12:53:14","2.4","0"
"manager","IT","1.5","2025-03-10 22:06:01","5","2025-03-10 11:06:01","3.1","0"
